time/episodes,rollout/ep_len_mean,time/fps,time/total_timesteps,rollout/ep_rew_mean,rollout/exploration_rate,time/time_elapsed,train/loss,train/n_updates,train/learning_rate
4,13.75,2,55,2.75,0.9947749999999995,19,,,
8,11.75,2,94,0.75,0.9910699999999996,33,,,
12,12.75,2,153,1.75,0.9854649999999997,52,,,
16,12.125,2,194,1.125,0.9815699999999995,66,,,
20,12.95,2,259,1.95,0.9753950000000002,87,,,
24,12.375,2,297,1.375,0.9717849999999998,101,,,
28,12.464285714285714,2,349,1.4642857142857142,0.9668450000000001,118,,,
32,12.0625,2,386,1.0625,0.9633300000000002,132,,,
36,11.61111111111111,2,418,0.6111111111111112,0.9602900000000004,144,,,
40,11.8,2,472,0.8,0.9551600000000006,162,,,
44,12.340909090909092,2,543,1.3409090909090908,0.9484149999999996,184,,,
48,12.125,2,582,1.125,0.9447099999999995,198,,,
52,13.01923076923077,2,677,2.019230769230769,0.9356849999999994,226,,,
56,12.75,2,714,1.75,0.9321699999999997,240,,,
60,12.45,2,747,1.45,0.9290350000000003,252,,,
64,12.59375,2,806,1.59375,0.9234300000000004,271,,,
68,12.397058823529411,2,843,1.3970588235294117,0.9199149999999996,285,,,
72,12.152777777777779,2,875,1.1527777777777777,0.9168749999999997,298,,,
76,12.342105263157896,2,938,1.3421052631578947,0.9108900000000005,318,,,
80,12.225,2,978,1.225,0.90709,332,,,
84,12.345238095238095,2,1037,1.3452380952380953,0.9014850000000001,351,0.6809561252593994,9,0.0001
88,12.465909090909092,2,1097,1.4659090909090908,0.8957849999999997,371,0.3361383378505707,24,0.0001
92,12.771739130434783,2,1175,1.7717391304347827,0.8883749999999997,395,0.6625771522521973,43,0.0001
96,12.854166666666666,2,1234,1.8541666666666667,0.8827699999999998,415,0.658310055732727,58,0.0001
100,12.66,2,1266,1.66,0.87973,427,1.9658101797103882,66,0.0001
104,12.65,2,1320,1.65,0.8746000000000002,446,0.333518385887146,79,0.0001
108,12.87,2,1381,1.87,0.8688050000000002,465,0.6560473442077637,95,0.0001
112,12.83,2,1436,1.83,0.8635799999999997,484,1.3057408332824707,108,0.0001
116,13.0,2,1494,2.0,0.8580700000000004,503,1.638097882270813,123,0.0001
120,12.79,2,1538,1.79,0.8538900000000005,519,0.33222901821136475,134,0.0001
124,13.09,2,1606,2.09,0.8474300000000003,540,0.6586189270019531,151,0.0001
128,13.06,2,1655,2.06,0.8427750000000005,557,0.002649758942425251,163,0.0001
132,13.11,2,1697,2.11,0.8387849999999997,572,0.6570329070091248,174,0.0001
136,13.41,2,1759,2.41,0.832895,592,0.9814321994781494,189,0.0001
140,13.33,2,1805,2.33,0.828525,609,0.982475996017456,201,0.0001
144,12.94,2,1837,1.94,0.825485,621,0.9752044677734375,209,0.0001
148,13.1,2,1892,2.1,0.8202599999999995,639,1.3025720119476318,222,0.0001
152,12.65,2,1942,1.65,0.8155100000000001,656,0.6545328497886658,235,0.0001
156,12.6,2,1974,1.6,0.8124700000000002,669,0.3306678235530853,243,0.0001
160,12.59,2,2006,1.59,0.8094300000000003,682,0.6494414210319519,251,0.0001
164,12.32,2,2038,1.32,0.8063900000000005,694,0.9726879596710205,259,0.0001
168,12.68,2,2111,1.68,0.7994550000000004,717,0.3310321569442749,277,0.0001
172,12.72,2,2147,1.72,0.7960350000000002,731,0.009110718034207821,286,0.0001
176,12.91,2,2229,1.91,0.7882449999999996,756,0.6493641138076782,307,0.0001
180,13.27,2,2305,2.27,0.7810249999999999,780,0.9276092648506165,326,0.0001
184,13.3,2,2367,2.3,0.7751350000000004,800,0.627656877040863,341,0.0001
188,13.26,2,2423,2.26,0.7698150000000002,818,1.2171423435211182,355,0.0001
192,12.89,2,2464,1.89,0.76592,833,0.014726514928042889,365,0.0001
196,12.92,2,2526,1.92,0.7600300000000005,853,1.2400232553482056,381,0.0001
200,12.96,2,2562,1.96,0.7566100000000002,867,0.3214280903339386,390,0.0001
204,13.16,2,2636,2.16,0.7495799999999995,890,0.0313945971429348,408,0.0001
208,13.21,2,2702,2.21,0.7433099999999997,911,0.6110863089561462,425,0.0001
212,13.03,2,2739,2.03,0.7397949999999998,924,0.6437515616416931,434,0.0001
216,13.01,2,2795,2.01,0.7344749999999998,943,0.5926917791366577,448,0.0001
220,13.14,2,2852,2.14,0.72906,962,0.6181800365447998,462,0.0001
224,13.1,2,2916,2.1,0.7229800000000004,982,0.8915238976478577,478,0.0001
228,13.15,2,2970,2.15,0.7178500000000005,1000,0.2901066243648529,492,0.0001
232,13.58,2,3055,2.58,0.7097750000000004,1026,0.5869839787483215,513,0.0001
236,13.51,2,3110,2.51,0.7045499999999998,1044,1.1357097625732422,527,0.0001
240,13.61,2,3166,2.61,0.6992299999999998,1063,1.0049629211425781,541,0.0001
244,14.11,2,3248,3.11,0.6914400000000005,1088,0.3188292980194092,561,0.0001
248,13.92,2,3284,2.92,0.6880200000000003,1101,0.39797070622444153,570,0.0001
252,14.03,2,3345,3.03,0.6822250000000003,1121,0.5606265068054199,586,0.0001
256,14.07,2,3381,3.07,0.678805,1135,1.3114221096038818,595,0.0001
260,14.16,2,3422,3.16,0.6749099999999998,1149,0.12689688801765442,605,0.0001
264,14.51,2,3489,3.51,0.6685450000000003,1171,0.5034703612327576,622,0.0001
268,14.41,2,3552,3.41,0.66256,1191,0.5236724019050598,637,0.0001
272,14.42,2,3589,3.42,0.6590450000000002,1205,0.6760293245315552,647,0.0001
276,14.32,2,3661,3.32,0.6522049999999997,1227,0.09944077581167221,665,0.0001
280,13.92,2,3697,2.92,0.6487850000000005,1241,0.5094073414802551,674,0.0001
284,13.86,2,3753,2.86,0.6434650000000004,1259,0.3296894133090973,688,0.0001
288,13.96,2,3819,2.96,0.6371950000000006,1280,0.15536817908287048,704,0.0001
292,14.04,2,3868,3.04,0.6325399999999997,1297,0.45959901809692383,716,0.0001
296,13.82,2,3908,2.82,0.6287400000000001,1311,0.7063917517662048,726,0.0001
300,13.97,2,3959,2.97,0.6238949999999999,1328,0.8019449710845947,739,0.0001
304,14.15,2,4051,3.15,0.6151549999999997,1356,0.8420734405517578,762,0.0001
308,13.82,2,4084,2.82,0.6120200000000002,1369,1.2039932012557983,770,0.0001
312,14.2,2,4159,3.2,0.604895,1392,0.44005513191223145,789,0.0001
316,14.01,2,4196,3.01,0.60138,1405,0.7619825005531311,798,0.0001
320,13.99,2,4251,2.99,0.5961549999999995,1424,1.4248404502868652,812,0.0001
324,13.93,2,4309,2.93,0.5906450000000003,1442,0.3682510554790497,827,0.0001
328,13.96,2,4366,2.96,0.5852299999999997,1462,0.1340317279100418,841,0.0001
332,13.44,2,4399,2.44,0.5820950000000003,1474,0.42206814885139465,849,0.0001
336,13.21,2,4431,2.21,0.5790550000000004,1486,1.0831100940704346,857,0.0001
340,13.36,2,4502,2.36,0.5723100000000005,1508,0.2128080129623413,875,0.0001
344,12.91,2,4539,1.91,0.5687949999999996,1522,0.3138532340526581,884,0.0001
348,13.51,2,4635,2.51,0.5596749999999999,1551,0.5877983570098877,908,0.0001
352,13.33,2,4678,2.33,0.5555899999999996,1566,0.04793039709329605,919,0.0001
356,13.89,2,4770,2.89,0.5468500000000003,1593,0.6032789349555969,942,0.0001
360,14.04,2,4826,3.04,0.5415300000000003,1612,0.36699163913726807,956,0.0001
364,14.36,3,4925,3.36,0.532125,1641,0.047135062515735626,981,0.0001
368,14.4,3,4992,3.4,0.5257600000000003,1662,0.708898663520813,997,0.0001
372,14.62,3,5051,3.62,0.5201549999999995,1681,1.0172998905181885,1012,0.0001
376,14.74,3,5135,3.74,0.5121749999999999,1707,0.3912580907344818,1033,0.0001
380,15.07,3,5204,4.07,0.5056200000000003,1729,0.25091618299484253,1050,0.0001
384,14.9,3,5243,3.9,0.5019150000000002,1743,0.4919319748878479,1060,0.0001
388,14.83,3,5302,3.83,0.4963100000000005,1762,0.894589900970459,1075,0.0001
392,14.94,3,5362,3.94,0.4906100000000001,1781,0.44922932982444763,1090,0.0001
396,15.17,3,5425,4.17,0.48462499999999986,1801,0.6079297661781311,1106,0.0001
400,15.36,3,5495,4.36,0.4779749999999996,1823,0.37426695227622986,1123,0.0001
404,15.39,3,5590,4.39,0.46895000000000053,1851,0.7461675405502319,1147,0.0001
408,16.32,3,5716,5.32,0.45698000000000016,1886,0.36939382553100586,1178,0.0001
412,16.76,3,5835,5.76,0.44567499999999993,1920,0.04849513992667198,1208,0.0001
416,17.4,3,5936,6.4,0.43608000000000036,1950,0.4322882890701294,1233,0.0001
420,17.75,3,6026,6.75,0.4275300000000003,1976,0.3839954435825348,1256,0.0001
424,17.54,3,6063,6.54,0.42401500000000036,1990,0.36214587092399597,1265,0.0001
428,17.56,3,6122,6.56,0.4184099999999996,2009,0.6718145608901978,1280,0.0001
432,17.63,3,6162,6.63,0.4146099999999999,2024,0.34969982504844666,1290,0.0001
436,18.16,3,6247,7.16,0.40653499999999976,2049,0.19643037021160126,1311,0.0001
440,18.46,3,6348,7.46,0.3969400000000003,2078,0.017314763739705086,1336,0.0001
444,19.09,3,6448,8.09,0.38744000000000023,2107,0.3157293200492859,1361,0.0001
448,18.52,3,6487,7.52,0.38373500000000027,2121,0.48385223746299744,1371,0.0001
452,18.87,3,6565,7.87,0.37632500000000013,2145,0.5183061957359314,1391,0.0001
456,18.58,3,6628,7.58,0.37034,2165,0.7393408417701721,1406,0.0001
460,18.88,3,6714,7.88,0.3621700000000002,2191,0.1799573302268982,1428,0.0001
464,18.9,3,6815,7.9,0.35257499999999964,2220,0.4158962070941925,1453,0.0001
468,19.06,3,6898,8.06,0.3446899999999997,2245,0.5583425164222717,1474,0.0001
472,19.14,3,6965,8.14,0.3383250000000001,2266,0.408456414937973,1491,0.0001
476,19.13,3,7048,8.13,0.3304400000000002,2291,0.5270139575004578,1511,0.0001
480,18.99,3,7103,7.99,0.3252149999999997,2309,0.1863858550786972,1525,0.0001
484,19.58,3,7201,8.58,0.3159049999999999,2337,0.031609077006578445,1550,0.0001
488,19.45,3,7247,8.45,0.3115349999999997,2353,0.4866894781589508,1561,0.0001
492,19.52,3,7314,8.52,0.3051700000000003,2374,0.4375074803829193,1578,0.0001
496,19.96,3,7421,8.96,0.2950050000000001,2405,0.4423527121543884,1605,0.0001
500,20.12,3,7507,9.12,0.2868350000000004,2430,0.04197753965854645,1626,0.0001
504,20.06,3,7596,9.06,0.27837999999999985,2457,0.6538093686103821,1648,0.0001
508,19.53,3,7669,8.53,0.2714449999999997,2479,0.27576854825019836,1667,0.0001
512,19.45,3,7780,8.45,0.26090000000000024,2510,0.010064474307000637,1694,0.0001
516,19.23,3,7859,8.23,0.2533950000000007,2534,0.6531186103820801,1714,0.0001
520,19.47,3,7973,8.47,0.24256500000000036,2567,0.33168503642082214,1743,0.0001
524,20.18,3,8081,9.18,0.23230499999999954,2598,0.5815041661262512,1770,0.0001
528,20.54,3,8176,9.54,0.2232799999999996,2625,0.016366375610232353,1793,0.0001
532,20.84,3,8246,9.84,0.21663000000000032,2647,0.6163217425346375,1811,0.0001
536,21.05,3,8352,10.05,0.20655999999999963,2677,0.39146116375923157,1837,0.0001
540,20.9,3,8438,9.9,0.19838999999999996,2703,0.04058655723929405,1859,0.0001
544,21.13,3,8561,10.13,0.18670500000000045,2737,0.5068004727363586,1890,0.0001
548,21.95,3,8682,10.95,0.17520999999999998,2771,0.421094685792923,1920,0.0001
552,22.73,3,8838,11.73,0.16038999999999992,2814,0.14956939220428467,1959,0.0001
556,22.99,3,8927,11.99,0.15193500000000038,2840,0.7412649393081665,1981,0.0001
560,23.42,3,9056,12.42,0.13968000000000036,2876,0.6395444869995117,2013,0.0001
564,22.85,3,9100,11.85,0.1355000000000003,2891,0.36544400453567505,2024,0.0001
568,23.23,3,9221,12.23,0.12400499999999992,2925,0.43179529905319214,2055,0.0001
572,23.74,3,9339,12.74,0.11279500000000042,2958,0.3642292022705078,2084,0.0001
576,23.85,3,9433,12.85,0.10386499999999987,2985,0.2114761918783188,2108,0.0001
580,24.7,3,9573,13.7,0.09056500000000023,3024,0.6741214394569397,2143,0.0001
584,24.86,3,9687,13.86,0.07973499999999989,3056,0.32913991808891296,2171,0.0001
588,25.46,3,9793,14.46,0.06966500000000042,3086,0.6894845366477966,2198,0.0001
592,25.85,3,9899,14.85,0.059594999999999954,3116,0.22438324987888336,2224,0.0001
596,25.83,3,10004,14.83,0.05,3146,0.8612255454063416,2250,0.0001
600,26.45,3,10152,15.45,0.05,3186,0.701999306678772,2287,0.0001
604,26.74,3,10270,15.74,0.05,3219,0.41721004247665405,2317,0.0001
608,27.17,3,10386,16.17,0.05,3252,0.009059008210897446,2346,0.0001
612,27.31,3,10511,16.31,0.05,3287,0.3269379436969757,2377,0.0001
616,27.76,3,10635,16.76,0.05,3321,0.08605868369340897,2408,0.0001
620,27.62,3,10735,16.62,0.05,3350,0.04447409138083458,2433,0.0001
624,28.18,3,10899,17.18,0.05,3394,0.02853385917842388,2474,0.0001
628,28.38,3,11014,17.38,0.05,3427,0.02946515381336212,2503,0.0001
632,28.85,3,11131,17.85,0.05,3459,0.009789863601326942,2532,0.0001
636,28.98,3,11250,17.98,0.05,3492,0.8596097826957703,2562,0.0001
640,29.84,3,11422,18.84,0.05,3539,0.40043342113494873,2605,0.0001
644,29.73,3,11534,18.73,0.05,3570,0.017902277410030365,2633,0.0001
648,29.46,3,11628,18.46,0.05,3597,0.056480903178453445,2656,0.0001
652,28.82,3,11720,17.82,0.05,3624,0.00688098045065999,2679,0.0001
656,29.27,3,11854,18.27,0.05,3661,0.3786294460296631,2713,0.0001
660,28.85,3,11941,17.85,0.05,3687,1.0716949701309204,2735,0.0001
664,29.34,3,12034,18.34,0.05,3714,1.0799092054367065,2758,0.0001
668,29.58,3,12179,18.58,0.05,3754,0.4687651991844177,2794,0.0001
672,29.57,3,12296,18.57,0.05,3787,0.6253217458724976,2823,0.0001
676,29.78,3,12411,18.78,0.05,3820,0.06004048138856888,2852,0.0001
680,29.69,3,12542,18.69,0.05,3856,0.4802977442741394,2885,0.0001
684,29.32,3,12619,18.32,0.05,3879,0.5751010179519653,2904,0.0001
688,29.29,3,12722,18.29,0.05,3908,0.10294592380523682,2930,0.0001
692,29.64,3,12863,18.64,0.05,3947,0.02330002747476101,2965,0.0001
696,30.77,3,13081,19.77,0.05,4005,0.3573576509952545,3020,0.0001
700,30.55,3,13207,19.55,0.05,4039,0.010996036231517792,3051,0.0001
704,30.36,3,13306,19.36,0.05,4067,0.11961200088262558,3076,0.0001
708,29.78,3,13364,18.78,0.05,4085,0.5730671882629395,3090,0.0001
712,29.43,3,13454,18.43,0.05,4112,0.057855721563100815,3113,0.0001
716,29.75,3,13610,18.75,0.05,4155,0.37897372245788574,3152,0.0001
720,29.95,3,13730,18.95,0.05,4188,0.031388867646455765,3182,0.0001
724,29.52,3,13851,18.52,0.05,4221,0.3948119282722473,3212,0.0001
728,29.55,3,13969,18.55,0.05,4254,0.03132517263293266,3242,0.0001
732,29.74,3,14105,18.74,0.05,4292,0.474284291267395,3276,0.0001
736,29.54,3,14204,18.54,0.05,4320,0.016484985128045082,3300,0.0001
740,28.97,3,14319,17.97,0.05,4352,1.062870979309082,3329,0.0001
744,28.79,3,14413,17.79,0.05,4379,0.042540043592453,3353,0.0001
748,28.9,3,14518,17.9,0.05,4408,0.3985484540462494,3379,0.0001
752,28.94,3,14614,17.94,0.05,4436,0.3517458140850067,3403,0.0001
756,28.64,3,14718,17.64,0.05,4464,0.3826585114002228,3429,0.0001
760,28.86,3,14827,17.86,0.05,4494,0.06401315331459045,3456,0.0001
764,28.67,3,14901,17.67,0.05,4516,0.6440991759300232,3475,0.0001
768,28.48,3,15027,17.48,0.05,4551,0.35622066259384155,3506,0.0001
772,28.32,3,15128,17.32,0.05,4579,0.02605358697474003,3531,0.0001
776,28.36,3,15247,17.36,0.05,4611,0.3775205612182617,3561,0.0001
780,28.26,3,15368,17.26,0.05,4644,0.02653120458126068,3591,0.0001
784,28.39,3,15458,17.39,0.05,4671,0.9174883365631104,3614,0.0001
788,28.06,3,15528,17.06,0.05,4692,0.3772692382335663,3631,0.0001
792,27.55,3,15618,16.55,0.05,4718,0.0256399717181921,3654,0.0001
796,26.9,3,15771,15.9,0.05,4758,0.28691327571868896,3692,0.0001
800,26.83,3,15890,15.83,0.05,4791,0.38503044843673706,3722,0.0001
804,26.66,3,15972,15.66,0.05,4814,0.013869963586330414,3742,0.0001
808,27.84,3,16148,16.84,0.05,4861,0.5841214656829834,3786,0.0001
812,28.33,3,16287,17.33,0.05,4898,0.04372105002403259,3821,0.0001
816,27.79,3,16389,16.79,0.05,4926,0.021035034209489822,3847,0.0001
820,28.19,3,16549,17.19,0.05,4968,0.03892310708761215,3887,0.0001
824,27.9,3,16641,16.9,0.05,4995,0.6693283915519714,3910,0.0001
828,27.87,3,16756,16.87,0.05,5026,0.015196189284324646,3938,0.0001
832,27.93,3,16898,16.93,0.05,5064,0.71396803855896,3974,0.0001
836,27.87,3,16991,16.87,0.05,5090,1.0484076738357544,3997,0.0001
840,27.67,3,17086,16.67,0.05,5117,0.8871639370918274,4021,0.0001
844,28.01,3,17214,17.01,0.05,5151,0.42586055397987366,4053,0.0001
848,28.54,3,17372,17.54,0.05,5193,0.11280492693185806,4092,0.0001
852,28.99,3,17513,17.99,0.05,5231,0.699528157711029,4128,0.0001
856,29.18,3,17636,18.18,0.05,5264,0.02614632621407509,4158,0.0001
860,29.43,3,17770,18.43,0.05,5300,0.37050890922546387,4192,0.0001
864,29.51,3,17852,18.51,0.05,5324,0.3572152256965637,4212,0.0001
868,29.46,3,17973,18.46,0.05,5356,0.7469303607940674,4243,0.0001
872,29.56,3,18084,18.56,0.05,5387,0.36462458968162537,4270,0.0001
876,29.24,3,18171,18.24,0.05,5412,0.6935098171234131,4292,0.0001
880,29.25,3,18293,18.25,0.05,5445,0.9010418653488159,4323,0.0001
884,29.78,3,18436,18.78,0.05,5483,0.7138490080833435,4358,0.0001
888,29.83,3,18511,18.83,0.05,5506,0.017670415341854095,4377,0.0001
892,30.4,3,18658,19.4,0.05,5544,0.034324921667575836,4414,0.0001
896,30.75,3,18846,19.75,0.05,5593,0.4158385992050171,4461,0.0001
900,30.73,3,18963,19.73,0.05,5625,0.15524089336395264,4490,0.0001
904,30.53,3,19025,19.53,0.05,5644,0.344505250453949,4506,0.0001
908,30.03,3,19151,19.03,0.05,5679,0.365310937166214,4537,0.0001
912,29.8,3,19267,18.8,0.05,5710,0.7537846565246582,4566,0.0001
916,29.93,3,19382,18.93,0.05,5742,0.024320829659700394,4595,0.0001
920,29.46,3,19495,18.46,0.05,5772,0.015562773682177067,4623,0.0001
924,29.26,3,19567,18.26,0.05,5794,0.6836191415786743,4641,0.0001
928,28.78,3,19634,17.78,0.05,5814,0.3545396625995636,4658,0.0001
932,28.81,3,19779,17.81,0.05,5853,0.3605085611343384,4694,0.0001
936,28.69,3,19860,17.69,0.05,5876,0.34695589542388916,4714,0.0001
940,28.9,3,19976,17.9,0.05,5908,0.7135436534881592,4743,0.0001
944,28.71,3,20085,17.71,0.05,5938,0.9146232008934021,4771,0.0001
948,27.86,3,20158,16.86,0.05,5960,0.013176368549466133,4789,0.0001
952,27.84,3,20297,16.84,0.05,5997,1.172584056854248,4824,0.0001
956,27.99,3,20435,16.99,0.05,6034,0.41247355937957764,4858,0.0001
960,27.89,3,20559,16.89,0.05,6068,0.4034331738948822,4889,0.0001
964,28.29,3,20681,17.29,0.05,6101,0.40381601452827454,4920,0.0001
968,28.31,3,20804,17.31,0.05,6135,0.7465087175369263,4950,0.0001
972,28.28,3,20912,17.28,0.05,6164,0.046195339411497116,4977,0.0001
976,28.55,3,21026,17.55,0.05,6196,1.1802784204483032,5006,0.0001
980,28.57,3,21150,17.57,0.05,6229,0.10778767615556717,5037,0.0001
984,28.51,3,21287,17.51,0.05,6266,0.019811196252703667,5071,0.0001
988,29.04,3,21415,18.04,0.05,6301,0.46772730350494385,5103,0.0001
992,28.01,3,21459,17.01,0.05,6316,0.04194781556725502,5114,0.0001
996,27.07,3,21553,16.07,0.05,6343,0.4180785119533539,5138,0.0001
1000,27.06,3,21669,16.06,0.05,6376,0.38670724630355835,5167,0.0001
1004,27.34,3,21759,16.34,0.05,6402,0.46783363819122314,5189,0.0001
1008,27.41,3,21892,16.41,0.05,6439,0.387330561876297,5222,0.0001
1012,27.31,3,21998,16.31,0.05,6468,0.3879616856575012,5249,0.0001
1016,27.5,3,22132,16.5,0.05,6505,0.7613255381584167,5282,0.0001
1020,27.44,3,22239,16.44,0.05,6536,0.7797812223434448,5309,0.0001
1024,27.62,3,22329,16.62,0.05,6562,0.03866954147815704,5332,0.0001
1028,28.19,3,22453,17.19,0.05,6596,0.7958546280860901,5363,0.0001
1032,27.7,3,22549,16.7,0.05,6624,0.030018579214811325,5387,0.0001
1036,27.97,3,22657,16.97,0.05,6654,0.03794940561056137,5414,0.0001
1040,28.03,3,22779,17.03,0.05,6688,0.02780771255493164,5444,0.0001
1044,27.99,3,22884,16.99,0.05,6718,0.7603366374969482,5470,0.0001
1048,28.59,3,23017,17.59,0.05,6755,0.40666061639785767,5504,0.0001
1052,28.47,3,23144,17.47,0.05,6790,0.6575084924697876,5535,0.0001
1056,28.23,3,23258,17.23,0.05,6822,0.04194280132651329,5564,0.0001
1060,27.8,3,23339,16.8,0.05,6846,0.492065966129303,5584,0.0001
1064,27.98,3,23479,16.98,0.05,6884,0.44388920068740845,5619,0.0001
1068,28.04,3,23608,17.04,0.05,6919,0.023951802402734756,5651,0.0001
1072,28.07,3,23719,17.07,0.05,6951,0.056905895471572876,5679,0.0001
1076,27.88,3,23814,16.88,0.05,6978,0.0964086577296257,5703,0.0001
1080,27.61,3,23911,16.61,0.05,7006,0.7420324087142944,5727,0.0001
1084,27.24,3,24011,16.24,0.05,7035,0.4092422425746918,5752,0.0001
1088,26.96,3,24111,15.96,0.05,7064,0.3959757089614868,5777,0.0001
1092,27.21,3,24180,16.21,0.05,7085,0.10951856523752213,5794,0.0001
1096,27.62,3,24315,16.62,0.05,7122,0.3797714412212372,5828,0.0001
1100,27.68,3,24437,16.68,0.05,7156,0.35757291316986084,5859,0.0001
1104,27.99,3,24558,16.99,0.05,7190,0.3953792452812195,5889,0.0001
1108,27.81,3,24673,16.81,0.05,7222,0.7163436412811279,5918,0.0001
1112,27.57,3,24755,16.57,0.05,7247,0.02638896182179451,5938,0.0001
1116,27.06,3,24838,16.06,0.05,7271,0.7805195450782776,5959,0.0001
1120,27.13,3,24952,16.13,0.05,7303,0.41901227831840515,5987,0.0001
1124,27.38,3,25067,16.38,0.05,7335,0.3417787253856659,6016,0.0001
1128,27.31,3,25184,16.31,0.05,7368,0.39845791459083557,6045,0.0001
1132,27.33,3,25282,16.33,0.05,7396,0.3868425488471985,6070,0.0001
1136,27.1,3,25367,16.1,0.05,7421,0.41838350892066956,6091,0.0001
1140,26.78,3,25457,15.78,0.05,7447,1.1338160037994385,6114,0.0001
1144,26.77,3,25561,15.77,0.05,7476,0.8872348070144653,6140,0.0001
1148,26.53,3,25670,15.53,0.05,7507,0.5114929676055908,6167,0.0001
1152,26.42,3,25786,15.42,0.05,7539,0.011032311245799065,6196,0.0001
1156,26.5,3,25908,15.5,0.05,7573,0.1697666049003601,6226,0.0001
1160,26.72,3,26011,15.72,0.05,7602,1.513518214225769,6252,0.0001
1164,26.33,3,26112,15.33,0.05,7631,0.43664786219596863,6277,0.0001
1168,25.87,3,26195,14.87,0.05,7655,0.37006133794784546,6298,0.0001
1172,25.85,3,26304,14.85,0.05,7685,0.3976180851459503,6325,0.0001
1176,26.32,3,26446,15.32,0.05,7724,0.8930113911628723,6361,0.0001
1180,26.57,3,26568,15.57,0.05,7757,0.01662716269493103,6391,0.0001
1184,26.54,3,26665,15.54,0.05,7785,0.018499918282032013,6416,0.0001
1188,26.14,3,26725,15.14,0.05,7805,0.0130122946575284,6431,0.0001
1192,26.54,3,26834,15.54,0.05,7835,0.02581627666950226,6458,0.0001
1196,26.22,3,26937,15.22,0.05,7865,0.39793360233306885,6484,0.0001
1200,25.96,3,27033,14.96,0.05,7892,0.39337271451950073,6508,0.0001
1204,25.89,3,27147,14.89,0.05,7923,0.05559806898236275,6536,0.0001
1208,26.21,3,27294,15.21,0.05,7963,0.40076571702957153,6573,0.0001
1212,26.64,3,27419,15.64,0.05,7998,0.07268436253070831,6604,0.0001
1216,26.48,3,27486,15.48,0.05,8019,0.4038460850715637,6621,0.0001
1220,26.77,3,27629,15.77,0.05,8057,1.137445330619812,6657,0.0001
1224,26.84,3,27751,15.84,0.05,8091,2.1015217304229736,6687,0.0001
1228,26.74,3,27858,15.74,0.05,8121,0.026413211598992348,6714,0.0001
1232,26.96,3,27978,15.96,0.05,8154,0.40400514006614685,6744,0.0001
1236,27.0,3,28067,16.0,0.05,8180,1.083112120628357,6766,0.0001
1240,27.22,3,28179,16.22,0.05,8211,0.7287079691886902,6794,0.0001
1244,27.58,3,28319,16.58,0.05,8250,0.9000280499458313,6829,0.0001
1248,27.77,3,28447,16.77,0.05,8285,0.04463506489992142,6861,0.0001
1252,28.05,3,28591,17.05,0.05,8325,0.09583352506160736,6897,0.0001
1256,27.71,3,28679,16.71,0.05,8351,0.026458241045475006,6919,0.0001
1260,27.59,3,28770,16.59,0.05,8377,1.1540640592575073,6942,0.0001
1264,27.6,3,28872,16.6,0.05,8406,0.048229970037937164,6967,0.0001
1268,27.8,3,28975,16.8,0.05,8435,0.43231201171875,6993,0.0001
1272,27.96,3,29100,16.96,0.05,8470,0.39341065287590027,7024,0.0001
1276,27.24,3,29170,16.24,0.05,8492,0.7810865640640259,7042,0.0001
1280,27.06,3,29274,16.06,0.05,8521,0.5370272397994995,7068,0.0001
1284,27.27,3,29392,16.27,0.05,8553,0.01037876307964325,7097,0.0001
1288,27.74,3,29499,16.74,0.05,8584,0.4116796553134918,7124,0.0001
1292,27.73,3,29607,16.73,0.05,8615,0.963336706161499,7151,0.0001
1296,27.69,3,29706,16.69,0.05,8643,0.42712271213531494,7176,0.0001
1300,27.71,3,29804,16.71,0.05,8671,1.0076004266738892,7200,0.0001
1304,27.7,3,29917,16.7,0.05,8703,0.4870796203613281,7229,0.0001
1308,27.19,3,30013,16.19,0.05,8730,1.251525640487671,7253,0.0001
1312,26.98,3,30117,15.98,0.05,8760,0.07133340835571289,7279,0.0001
1316,27.4,3,30226,16.4,0.05,8790,0.8094121813774109,7306,0.0001
1320,26.98,3,30327,15.98,0.05,8819,0.07308865338563919,7331,0.0001
1324,26.71,3,30422,15.71,0.05,8847,1.2416199445724487,7355,0.0001
1328,26.72,3,30530,15.72,0.05,8877,0.8654586672782898,7382,0.0001
1332,26.71,3,30649,15.71,0.05,8910,0.46852460503578186,7412,0.0001
1336,26.46,3,30713,15.46,0.05,8930,0.8038054704666138,7428,0.0001
1340,26.38,3,30817,15.38,0.05,8960,0.43453025817871094,7454,0.0001
1344,25.96,3,30915,14.96,0.05,8988,0.034510668367147446,7478,0.0001
1348,25.7,3,31017,14.7,0.05,9017,0.4781748354434967,7504,0.0001
1352,25.27,3,31118,14.27,0.05,9046,0.026258310303092003,7529,0.0001
1356,25.2,3,31199,14.2,0.05,9070,0.01736336760222912,7549,0.0001
1360,25.22,3,31292,14.22,0.05,9097,0.024447917938232422,7572,0.0001
1364,25.19,3,31391,14.19,0.05,9125,0.645305335521698,7597,0.0001
1368,25.42,3,31517,14.42,0.05,9160,0.05400902405381203,7629,0.0001
1372,24.84,3,31584,13.84,0.05,9181,0.42497485876083374,7645,0.0001
1376,25.53,3,31723,14.53,0.05,9219,0.06008630245923996,7680,0.0001
1380,25.58,3,31832,14.58,0.05,9249,0.39295583963394165,7707,0.0001
1384,25.4,3,31932,14.4,0.05,9278,1.241765022277832,7732,0.0001
1388,25.56,3,32055,14.56,0.05,9312,0.02829204685986042,7763,0.0001
1392,25.26,3,32133,14.26,0.05,9336,0.07455097883939743,7783,0.0001
1396,25.35,3,32241,14.35,0.05,9367,0.0231572724878788,7810,0.0001
1400,25.48,3,32352,14.48,0.05,9398,0.03589166700839996,7837,0.0001
1404,25.44,3,32461,14.44,0.05,9428,0.4338829219341278,7865,0.0001
1408,25.12,3,32525,14.12,0.05,9448,0.8665769100189209,7881,0.0001
1412,25.08,3,32625,14.08,0.05,9477,0.020695483312010765,7906,0.0001
1416,24.69,3,32695,13.69,0.05,9498,0.019124023616313934,7923,0.0001
1420,24.64,3,32791,13.64,0.05,9526,0.020033325999975204,7947,0.0001
1424,25.06,3,32928,14.06,0.05,9563,0.6589366793632507,7981,0.0001
1428,25.12,3,33042,14.12,0.05,9595,0.4673508405685425,8010,0.0001
1432,24.95,3,33144,13.95,0.05,9623,0.24765892326831818,8035,0.0001
1436,25.71,3,33284,14.71,0.05,9661,0.1319674700498581,8070,0.0001
1440,25.66,3,33383,14.66,0.05,9690,0.4607028663158417,8095,0.0001
1444,25.55,3,33470,14.55,0.05,9715,0.412129282951355,8117,0.0001
1448,25.55,3,33572,14.55,0.05,9744,0.43934354186058044,8142,0.0001
1452,25.48,3,33666,14.48,0.05,9771,0.4813302159309387,8166,0.0001
1456,26.05,3,33804,15.05,0.05,9808,0.02800900861620903,8200,0.0001
1460,26.22,3,33914,15.22,0.05,9839,1.5377415418624878,8228,0.0001
1464,26.28,3,34019,15.28,0.05,9869,0.043964892625808716,8254,0.0001
1468,25.97,3,34114,14.97,0.05,9896,0.4385136067867279,8278,0.0001
1472,26.34,3,34218,15.34,0.05,9925,0.28489232063293457,8304,0.0001
1476,26.01,3,34324,15.01,0.05,9954,0.38961514830589294,8330,0.0001
1480,26.37,3,34469,15.37,0.05,9994,0.4162948727607727,8367,0.0001
1484,26.35,3,34567,15.35,0.05,10022,0.6395726799964905,8391,0.0001
1488,25.85,3,34640,14.85,0.05,10044,0.7781273722648621,8409,0.0001
1492,26.22,3,34755,15.22,0.05,10076,0.3765387237071991,8438,0.0001
1496,25.78,3,34819,14.78,0.05,10096,0.03316939249634743,8454,0.0001
1500,25.48,3,34900,14.48,0.05,10120,0.8011806607246399,8474,0.0001
1504,25.82,3,35043,14.82,0.05,10159,0.39635035395622253,8510,0.0001
1508,26.34,3,35159,15.34,0.05,10192,0.8712550401687622,8539,0.0001
1512,26.11,3,35236,15.11,0.05,10215,0.798612654209137,8558,0.0001
1516,26.59,3,35354,15.59,0.05,10249,0.2944367229938507,8588,0.0001
1520,26.66,3,35457,15.66,0.05,10278,0.02736632153391838,8614,0.0001
1524,26.53,3,35581,15.53,0.05,10312,0.5694575309753418,8645,0.0001
1528,26.84,3,35726,15.84,0.05,10351,0.42798981070518494,8681,0.0001
1532,27.15,3,35859,16.15,0.05,10388,0.791653037071228,8714,0.0001
1536,26.83,3,35967,15.83,0.05,10418,0.08396637439727783,8741,0.0001
1540,26.93,3,36076,15.93,0.05,10449,0.4435293674468994,8768,0.0001
1544,27.35,3,36205,16.35,0.05,10485,0.012700477614998817,8801,0.0001
1548,27.56,3,36328,16.56,0.05,10519,0.3825443685054779,8831,0.0001
1552,27.77,3,36443,16.77,0.05,10551,0.4064177870750427,8860,0.0001
1556,27.55,3,36559,16.55,0.05,10584,1.1892790794372559,8889,0.0001
1560,27.68,3,36682,16.68,0.05,10618,0.4439840316772461,8920,0.0001
1564,27.67,3,36786,16.67,0.05,10648,0.011791940778493881,8946,0.0001
1568,27.78,3,36892,16.78,0.05,10678,0.4407959580421448,8972,0.0001
1572,27.72,3,36990,16.72,0.05,10706,0.36540839076042175,8997,0.0001
1576,27.94,3,37118,16.94,0.05,10741,0.7708978056907654,9029,0.0001
1580,27.74,3,37243,16.74,0.05,10776,0.8809788227081299,9060,0.0001
1584,27.79,3,37346,16.79,0.05,10805,0.053904030472040176,9086,0.0001
1588,28.27,3,37467,17.27,0.05,10839,0.025309156626462936,9116,0.0001
1592,28.31,3,37586,17.31,0.05,10872,0.05898109823465347,9146,0.0001
1596,28.9,3,37709,17.9,0.05,10906,0.01986074447631836,9177,0.0001
1600,29.6,3,37860,18.6,0.05,10947,0.4373598098754883,9214,0.0001
1604,28.8,3,37923,17.8,0.05,10966,0.4085150361061096,9230,0.0001
1608,28.76,3,38035,17.76,0.05,10998,0.02946862019598484,9258,0.0001
1612,29.23,3,38159,18.23,0.05,11032,0.13392788171768188,9289,0.0001
1616,29.43,3,38297,18.43,0.05,11070,0.046400830149650574,9324,0.0001
1620,29.64,3,38421,18.64,0.05,11104,0.7082410454750061,9355,0.0001
1624,29.97,3,38578,18.97,0.05,11147,0.3983840346336365,9394,0.0001
1628,29.66,3,38692,18.66,0.05,11178,0.443031370639801,9422,0.0001
1632,29.27,3,38786,18.27,0.05,11205,0.8109127283096313,9446,0.0001
1636,28.98,3,38865,17.98,0.05,11228,0.5821747183799744,9466,0.0001
1640,29.81,3,39057,18.81,0.05,11279,0.37451285123825073,9514,0.0001
1644,29.92,3,39197,18.92,0.05,11317,0.45408812165260315,9549,0.0001
1648,29.92,3,39320,18.92,0.05,11352,1.2148152589797974,9579,0.0001
1652,30.28,3,39471,19.28,0.05,11392,0.4108157455921173,9617,0.0001
1656,30.11,3,39570,19.11,0.05,11421,0.3212326765060425,9642,0.0001
1660,30.05,3,39687,19.05,0.05,11454,0.8011807203292847,9671,0.0001
1664,30.26,3,39812,19.26,0.05,11489,0.17297965288162231,9702,0.0001
1668,30.22,3,39914,19.22,0.05,11518,0.05014527961611748,9728,0.0001
1672,30.44,3,40034,19.44,0.05,11550,1.2870960235595703,9758,0.0001
1676,30.08,3,40126,19.08,0.05,11577,0.10967731475830078,9781,0.0001
1680,29.99,3,40242,18.99,0.05,11609,0.0459049753844738,9810,0.0001
1684,30.13,3,40359,19.13,0.05,11642,1.2719464302062988,9839,0.0001
1688,31.76,3,40643,20.76,0.05,11715,0.8555936217308044,9910,0.0001
1692,32.19,3,40805,21.19,0.05,11758,0.4666312336921692,9951,0.0001
1696,31.87,3,40896,20.87,0.05,11784,0.7726857662200928,9973,0.0001
1700,31.34,3,40994,20.34,0.05,11813,0.4620978832244873,9998,0.0001
1704,31.99,3,41122,20.99,0.05,11847,0.18081733584403992,10030,0.0001
1708,32.25,3,41260,21.25,0.05,11885,0.08199015259742737,10064,0.0001
1712,31.95,3,41354,20.95,0.05,11912,0.38459599018096924,10088,0.0001
1716,31.72,3,41469,20.72,0.05,11944,0.05149013549089432,10117,0.0001
1720,32.4,3,41661,21.4,0.05,11994,1.2956525087356567,10165,0.0001
1724,32.29,3,41807,21.29,0.05,12034,0.38436245918273926,10201,0.0001
1728,32.7,3,41962,21.7,0.05,12075,0.724605917930603,10240,0.0001
1732,33.35,3,42121,22.35,0.05,12117,0.2773602604866028,10280,0.0001
1736,33.68,3,42233,22.68,0.05,12149,0.6843919157981873,10308,0.0001
1740,33.03,3,42360,22.03,0.05,12183,0.09614486247301102,10339,0.0001
1744,33.17,3,42514,22.17,0.05,12225,0.02965007908642292,10378,0.0001
1748,32.99,3,42619,21.99,0.05,12255,0.051100511103868484,10404,0.0001
1752,32.93,3,42764,21.93,0.05,12294,0.08082737773656845,10440,0.0001
1756,32.96,3,42866,21.96,0.05,12323,1.1415085792541504,10466,0.0001
1760,33.04,3,42991,22.04,0.05,12357,0.02967589721083641,10497,0.0001
1764,33.1,3,43122,22.1,0.05,12393,0.6235405206680298,10530,0.0001
1768,32.85,3,43199,21.85,0.05,12416,0.06324546784162521,10549,0.0001
1772,32.76,3,43310,21.76,0.05,12446,0.42997509241104126,10577,0.0001
1776,32.93,3,43419,21.93,0.05,12477,1.5155597925186157,10604,0.0001
1780,34.22,3,43664,23.22,0.05,12540,0.17516396939754486,10665,0.0001
1784,34.72,3,43831,23.72,0.05,12585,0.44866952300071716,10707,0.0001
1788,32.68,3,43911,21.68,0.05,12609,0.48318296670913696,10727,0.0001
1792,32.19,3,44024,21.19,0.05,12640,0.42223429679870605,10755,0.0001
1796,32.46,3,44142,21.46,0.05,12673,0.43811166286468506,10785,0.0001
1800,33.17,3,44311,22.17,0.05,12717,0.061741217970848083,10827,0.0001
1804,32.92,3,44414,21.92,0.05,12746,0.09985971450805664,10853,0.0001
1808,32.93,3,44553,21.93,0.05,12784,0.5018669962882996,10888,0.0001
1812,33.04,3,44658,22.04,0.05,12814,0.015727238729596138,10914,0.0001
1816,33.26,3,44795,22.26,0.05,12851,0.33683401346206665,10948,0.0001
1820,32.83,3,44944,21.83,0.05,12890,0.6182355880737305,10985,0.0001
1824,32.63,3,45070,21.63,0.05,12925,1.1821988821029663,11017,0.0001
1828,32.87,3,45249,21.87,0.05,12971,0.3725776970386505,11062,0.0001
1832,32.85,3,45406,21.85,0.05,13013,0.6802902221679688,11101,0.0001
1836,33.45,3,45578,22.45,0.05,13059,0.303274005651474,11144,0.0001
1840,33.72,3,45732,22.72,0.05,13100,0.5808786749839783,11182,0.0001
1844,33.87,3,45901,22.87,0.05,13145,0.36268338561058044,11225,0.0001
1848,34.09,3,46028,23.09,0.05,13180,0.3973124623298645,11256,0.0001
1852,33.89,3,46153,22.89,0.05,13214,1.0117684602737427,11288,0.0001
1856,34.54,3,46320,23.54,0.05,13258,0.04787686467170715,11329,0.0001
1860,35.14,3,46505,24.14,0.05,13307,0.7040866613388062,11376,0.0001
1864,34.93,3,46615,23.93,0.05,13338,0.2874998152256012,11403,0.0001
1868,35.36,3,46735,24.36,0.05,13371,0.03017072007060051,11433,0.0001
1872,35.81,3,46891,24.81,0.05,13414,1.2427903413772583,11472,0.0001
1876,35.86,3,47005,24.86,0.05,13445,0.04404129832983017,11501,0.0001
1880,35.06,3,47170,24.06,0.05,13489,0.4123527407646179,11542,0.0001
1884,34.54,3,47285,23.54,0.05,13521,0.05475872755050659,11571,0.0001
1888,34.76,3,47387,23.76,0.05,13550,0.5068709254264832,11596,0.0001
1892,34.87,3,47511,23.87,0.05,13583,0.019241157919168472,11627,0.0001
1896,35.62,3,47704,24.62,0.05,13634,0.043019235134124756,11675,0.0001
1900,35.16,3,47827,24.16,0.05,13668,0.42617160081863403,11706,0.0001
1904,35.82,3,47996,24.82,0.05,13713,0.5374112725257874,11748,0.0001
1908,35.77,3,48130,24.77,0.05,13749,0.8115490674972534,11782,0.0001
1912,36.5,3,48308,25.5,0.05,13796,0.3080621361732483,11826,0.0001
1916,36.61,3,48456,25.61,0.05,13836,0.02374327927827835,11863,0.0001
1920,36.36,3,48580,25.36,0.05,13870,0.02995571866631508,11894,0.0001
1924,37.29,3,48799,26.29,0.05,13927,0.41212740540504456,11949,0.0001
1928,37.03,3,48952,26.03,0.05,13968,0.8450087904930115,11987,0.0001
1932,36.29,3,49035,25.29,0.05,13992,0.503136157989502,12008,0.0001
1936,35.5,3,49128,24.5,0.05,14018,0.260619580745697,12031,0.0001
1940,35.55,3,49287,24.55,0.05,14060,0.6434757113456726,12071,0.0001
1944,35.33,3,49434,24.33,0.05,14100,0.04076651483774185,12108,0.0001
1948,35.93,3,49621,24.93,0.05,14148,0.6625446081161499,12155,0.0001
1952,36.14,3,49767,25.14,0.05,14188,0.110136978328228,12191,0.0001
1956,36.54,3,49974,25.54,0.05,14241,0.19193756580352783,12243,0.0001
1960,35.76,3,50081,24.76,0.05,14271,0.6335606575012207,12270,0.0001
1964,35.74,3,50189,24.74,0.05,14302,0.4158373177051544,12297,0.0001
1968,34.99,3,50234,23.99,0.05,14317,0.8493390083312988,12308,0.0001
1972,34.7,3,50361,23.7,0.05,14351,0.9059627056121826,12340,0.0001
1976,34.7,3,50475,23.7,0.05,14383,1.1372771263122559,12368,0.0001
1980,34.59,3,50629,23.59,0.05,14424,0.6766844391822815,12407,0.0001
1984,34.94,3,50779,23.94,0.05,14464,0.6544837355613708,12444,0.0001
1988,36.12,3,50999,25.12,0.05,14521,0.9465665817260742,12499,0.0001
1992,35.8,3,51091,24.8,0.05,14547,0.7032238245010376,12522,0.0001
1996,35.57,3,51261,24.57,0.05,14592,0.12546052038669586,12565,0.0001
2000,35.5,3,51377,24.5,0.05,14624,1.2756115198135376,12594,0.0001
2004,35.17,3,51513,24.17,0.05,14662,0.9796497821807861,12628,0.0001
2008,34.95,3,51625,23.95,0.05,14692,0.4639037251472473,12656,0.0001
2012,34.64,3,51772,23.64,0.05,14732,0.7167832851409912,12692,0.0001
2016,34.51,3,51907,23.51,0.05,14768,0.26813316345214844,12726,0.0001
2020,34.83,3,52063,23.83,0.05,14810,1.218521237373352,12765,0.0001
2024,34.6,3,52259,23.6,0.05,14861,0.27868714928627014,12814,0.0001
2028,34.61,3,52413,23.61,0.05,14902,0.035782717168331146,12853,0.0001
2032,35.42,3,52577,24.42,0.05,14946,0.36749058961868286,12894,0.0001
2036,35.79,3,52707,24.79,0.05,14981,0.8663269877433777,12926,0.0001
2040,35.41,3,52828,24.41,0.05,15014,1.1381982564926147,12956,0.0001
2044,35.61,3,52995,24.61,0.05,15059,0.0713132843375206,12998,0.0001
2048,34.85,3,53106,23.85,0.05,15089,0.04892082139849663,13026,0.0001
2052,34.8,3,53247,23.8,0.05,15128,0.45212259888648987,13061,0.0001
2056,33.96,3,53370,22.96,0.05,15161,0.2944802939891815,13092,0.0001
2060,34.32,3,53513,23.32,0.05,15199,0.6619176864624023,13128,0.0001
2064,34.42,3,53631,23.42,0.05,15232,0.5902687311172485,13157,0.0001
2068,35.43,3,53777,24.43,0.05,15272,0.14163090288639069,13194,0.0001
2072,36.8,3,54041,25.8,0.05,15339,0.8615445494651794,13260,0.0001
2076,37.29,3,54204,26.29,0.05,15383,0.2824636995792389,13300,0.0001
2080,36.81,3,54310,25.81,0.05,15412,0.18225347995758057,13327,0.0001
2084,36.63,3,54442,25.63,0.05,15448,0.09095378965139389,13360,0.0001
2088,35.6,3,54559,24.6,0.05,15481,0.5277203917503357,13389,0.0001
2092,35.91,3,54682,24.91,0.05,15515,0.04419218376278877,13420,0.0001
2096,35.19,3,54780,24.19,0.05,15542,0.49353447556495667,13444,0.0001
2100,35.37,3,54914,24.37,0.05,15578,0.6946392059326172,13478,0.0001
2104,35.37,3,55050,24.37,0.05,15615,1.1927114725112915,13512,0.0001
2108,35.31,3,55156,24.31,0.05,15645,1.2204638719558716,13538,0.0001
2112,35.29,3,55301,24.29,0.05,15684,0.6704281568527222,13575,0.0001
2116,35.64,3,55471,24.64,0.05,15729,0.5259943604469299,13617,0.0001
2120,35.56,3,55619,24.56,0.05,15769,1.03519868850708,13654,0.0001
2124,34.51,3,55710,23.51,0.05,15796,1.3514575958251953,13677,0.0001
2128,34.27,3,55840,23.27,0.05,15831,1.0105100870132446,13709,0.0001
2132,34.46,3,56023,23.46,0.05,15879,0.035405341535806656,13755,0.0001
2136,34.01,3,56108,23.01,0.05,15904,0.20935457944869995,13776,0.0001
2140,33.98,3,56226,22.98,0.05,15936,0.3231751024723053,13806,0.0001
2144,33.6,3,56355,22.6,0.05,15971,0.33539193868637085,13838,0.0001
2148,33.84,3,56490,22.84,0.05,16007,0.8151038289070129,13872,0.0001
2152,34.34,3,56681,23.34,0.05,16058,0.4984426200389862,13920,0.0001
2156,34.68,3,56838,23.68,0.05,16100,0.11015644669532776,13959,0.0001
2160,35.31,3,57044,24.31,0.05,16153,0.6417328119277954,14010,0.0001
2164,35.15,3,57146,24.15,0.05,16182,0.40503060817718506,14036,0.0001
2168,35.36,3,57313,24.36,0.05,16227,0.11436782777309418,14078,0.0001
2172,35.07,3,57548,24.07,0.05,16287,0.45724570751190186,14136,0.0001
2176,34.6,3,57664,23.6,0.05,16320,0.921927809715271,14165,0.0001
2180,35.12,3,57822,24.12,0.05,16362,0.14025598764419556,14205,0.0001
2184,35.48,3,57990,24.48,0.05,16407,1.0495798587799072,14247,0.0001
2188,34.9,3,58049,23.9,0.05,16426,0.019871260970830917,14262,0.0001
2192,35.01,3,58183,24.01,0.05,16462,0.13392899930477142,14295,0.0001
2196,35.23,3,58303,24.23,0.05,16495,0.5929548740386963,14325,0.0001
2200,35.75,3,58489,24.75,0.05,16545,0.07556531578302383,14372,0.0001
2204,36.44,3,58694,25.44,0.05,16599,0.48184967041015625,14423,0.0001
2208,36.65,3,58821,25.65,0.05,16633,0.036978378891944885,14455,0.0001
2212,36.83,3,58984,25.83,0.05,16677,0.6083449125289917,14495,0.0001
2216,36.89,3,59160,25.89,0.05,16723,0.6365827918052673,14539,0.0001
2220,36.87,3,59306,25.87,0.05,16763,0.20494496822357178,14576,0.0001
2224,37.14,3,59424,26.14,0.05,16795,0.30709314346313477,14605,0.0001
2228,37.39,3,59579,26.39,0.05,16837,0.20925721526145935,14644,0.0001
2232,36.55,3,59678,25.55,0.05,16865,0.5079740285873413,14669,0.0001
2236,37.16,3,59824,26.16,0.05,16904,1.3674088716506958,14705,0.0001
2240,36.91,3,59917,25.91,0.05,16931,0.5528560280799866,14729,0.0001
2244,36.97,3,60052,25.97,0.05,16968,1.0022059679031372,14762,0.0001
2248,37.18,3,60208,26.18,0.05,17009,0.08560334146022797,14801,0.0001
2252,36.51,3,60332,25.51,0.05,17043,0.5784368515014648,14832,0.0001
2256,36.04,3,60442,25.04,0.05,17074,0.49034392833709717,14860,0.0001
2260,35.57,3,60601,24.57,0.05,17117,0.38681378960609436,14900,0.0001
2264,35.83,3,60729,24.83,0.05,17152,0.17283309996128082,14932,0.0001
2268,35.62,3,60875,24.62,0.05,17191,0.49727973341941833,14968,0.0001
2272,34.69,3,61017,23.69,0.05,17229,0.6513318419456482,15004,0.0001
2276,35.12,3,61176,24.12,0.05,17271,0.6801007390022278,15043,0.0001
2280,34.48,3,61270,23.48,0.05,17299,1.1079750061035156,15067,0.0001
2284,33.61,3,61351,22.61,0.05,17322,0.9700964093208313,15087,0.0001
2288,34.8,3,61529,23.8,0.05,17369,0.35980257391929626,15132,0.0001
2292,35.02,3,61685,24.02,0.05,17411,0.27663424611091614,15171,0.0001
2296,35.51,3,61854,24.51,0.05,17456,1.3420124053955078,15213,0.0001
2300,35.0,3,61989,24.0,0.05,17493,0.948794960975647,15247,0.0001
2304,33.8,3,62074,22.8,0.05,17518,0.6479639410972595,15268,0.0001
2308,34.55,3,62276,23.55,0.05,17571,0.9094094634056091,15318,0.0001
2312,34.35,3,62419,23.35,0.05,17610,0.008426512591540813,15354,0.0001
2316,33.43,3,62503,22.43,0.05,17635,0.015303040854632854,15375,0.0001
2320,32.89,3,62595,21.89,0.05,17661,0.17558911442756653,15398,0.0001
2324,32.56,3,62680,21.56,0.05,17687,0.19078077375888824,15419,0.0001
2328,32.25,3,62804,21.25,0.05,17721,0.040488291531801224,15450,0.0001
2332,32.59,3,62937,21.59,0.05,17758,0.31519824266433716,15484,0.0001
2336,31.9,3,63014,20.9,0.05,17781,0.5754009485244751,15503,0.0001
2340,32.84,3,63201,21.84,0.05,17830,0.1269664466381073,15550,0.0001
2344,32.66,3,63318,21.66,0.05,17863,0.6168913841247559,15579,0.0001
2348,32.21,3,63429,21.21,0.05,17894,0.44713836908340454,15607,0.0001
2352,32.3,3,63562,21.3,0.05,17931,0.14230021834373474,15640,0.0001
2356,32.01,3,63643,21.01,0.05,17955,0.7071465253829956,15660,0.0001
2360,32.16,3,63817,21.16,0.05,18001,0.023346280679106712,15704,0.0001
2364,31.85,3,63914,20.85,0.05,18029,0.5264226794242859,15728,0.0001
2368,31.8,3,64055,20.8,0.05,18067,0.4176994562149048,15763,0.0001
2372,31.14,3,64131,20.14,0.05,18090,0.7596970796585083,15782,0.0001
2376,30.3,3,64206,19.3,0.05,18112,0.5261805653572083,15801,0.0001
2380,31.29,3,64399,20.29,0.05,18163,0.687466025352478,15849,0.0001
2384,32.19,3,64570,21.19,0.05,18209,0.17396783828735352,15892,0.0001
2388,32.61,3,64790,21.61,0.05,18266,1.7595090866088867,15947,0.0001
2392,32.77,3,64962,21.77,0.05,18312,1.1346007585525513,15990,0.0001
2396,32.29,3,65083,21.29,0.05,18346,0.255932092666626,16020,0.0001
2400,32.64,3,65253,21.64,0.05,18391,0.30806511640548706,16063,0.0001
2404,33.53,3,65427,22.53,0.05,18437,0.11875314265489578,16106,0.0001
2408,32.77,3,65553,21.77,0.05,18472,0.02853776514530182,16138,0.0001
2412,32.45,3,65664,21.45,0.05,18504,0.19125574827194214,16165,0.0001
2416,33.26,3,65829,22.26,0.05,18548,0.39715349674224854,16207,0.0001
2420,34.16,3,66011,23.16,0.05,18596,1.082809567451477,16252,0.0001
2424,35.69,3,66249,24.69,0.05,18658,1.508072853088379,16312,0.0001
2428,35.94,3,66398,24.94,0.05,18698,0.27449485659599304,16349,0.0001
2432,35.87,3,66524,24.87,0.05,18733,0.5407937169075012,16380,0.0001
2436,36.6,3,66674,25.6,0.05,18773,0.49367889761924744,16418,0.0001
2440,37.29,3,66930,26.29,0.05,18838,0.7451488971710205,16482,0.0001
2444,37.47,3,67065,26.47,0.05,18875,1.0377110242843628,16516,0.0001
2448,37.05,3,67134,26.05,0.05,18896,0.38888198137283325,16533,0.0001
2452,36.84,3,67246,25.84,0.05,18927,0.7638503313064575,16561,0.0001
2456,37.5,3,67393,26.5,0.05,18967,0.3994252383708954,16598,0.0001
2460,37.26,3,67543,26.26,0.05,19007,0.7005230188369751,16635,0.0001
2464,38.14,3,67728,27.14,0.05,19057,0.1427922546863556,16681,0.0001
2468,37.76,3,67831,26.76,0.05,19086,0.16282233595848083,16707,0.0001
2472,39.02,3,68033,28.02,0.05,19139,0.4157358407974243,16758,0.0001
2476,39.51,3,68157,28.51,0.05,19174,0.5366060137748718,16789,0.0001
2480,39.25,3,68324,28.25,0.05,19218,1.4216464757919312,16830,0.0001
2484,38.77,3,68447,27.77,0.05,19252,1.038165807723999,16861,0.0001
2488,38.42,3,68632,27.42,0.05,19301,0.7316120862960815,16907,0.0001
2492,38.02,3,68764,27.02,0.05,19337,1.2708027362823486,16940,0.0001
2496,37.9,3,68873,26.9,0.05,19368,0.5947824716567993,16968,0.0001
2500,37.7,3,69023,26.7,0.05,19408,0.712363064289093,17005,0.0001
2504,37.52,3,69179,26.52,0.05,19450,1.0939784049987793,17044,0.0001
2508,37.89,3,69342,26.89,0.05,19494,0.9231031537055969,17085,0.0001
2512,38.45,3,69509,27.45,0.05,19538,1.5062971115112305,17127,0.0001
2516,38.09,3,69638,27.09,0.05,19574,0.8984317779541016,17159,0.0001
2520,37.67,3,69778,26.67,0.05,19612,0.3875912129878998,17194,0.0001
2524,36.56,3,69905,25.56,0.05,19647,0.05121642351150513,17226,0.0001
2528,38.04,3,70202,27.04,0.05,19723,0.230739027261734,17300,0.0001
2532,37.47,3,70271,26.47,0.05,19744,0.5722046494483948,17317,0.0001
2536,36.91,3,70365,25.91,0.05,19771,0.08085622638463974,17341,0.0001
2540,35.62,3,70492,24.62,0.05,19805,0.5311180353164673,17372,0.0001
2544,35.64,3,70629,24.64,0.05,19843,0.5021474361419678,17407,0.0001
2548,36.37,3,70771,25.37,0.05,19882,0.2997967600822449,17442,0.0001
2552,36.49,3,70895,25.49,0.05,19916,0.3843032121658325,17473,0.0001
2556,36.07,3,71000,25.07,0.05,19946,0.38353580236434937,17499,0.0001
2560,35.34,3,71077,24.34,0.05,19968,0.6267521977424622,17519,0.0001
2564,34.66,3,71194,23.66,0.05,20001,0.6823351383209229,17548,0.0001
2568,35.72,3,71403,24.72,0.05,20056,0.13269707560539246,17600,0.0001
2572,35.6,3,71593,24.6,0.05,20107,0.34716472029685974,17648,0.0001
2576,35.47,3,71704,24.47,0.05,20138,0.12998002767562866,17675,0.0001
2580,35.06,3,71830,24.06,0.05,20173,1.1675820350646973,17707,0.0001
2584,34.94,3,71941,23.94,0.05,20204,0.28385716676712036,17735,0.0001
2588,35.6,3,72192,24.6,0.05,20268,1.5601519346237183,17797,0.0001
2592,35.79,3,72343,24.79,0.05,20310,1.1075941324234009,17835,0.0001
2596,35.75,3,72448,24.75,0.05,20339,0.945850133895874,17861,0.0001
2600,36.07,3,72630,25.07,0.05,20387,0.19693349301815033,17907,0.0001
2604,35.24,3,72703,24.24,0.05,20409,0.2558073103427887,17925,0.0001
2608,35.49,3,72891,24.49,0.05,20459,0.778558075428009,17972,0.0001
2612,35.25,3,73034,24.25,0.05,20498,0.29439467191696167,18008,0.0001
2616,34.78,3,73116,23.78,0.05,20522,0.07844658195972443,18028,0.0001
2620,34.84,3,73262,23.84,0.05,20561,1.6661274433135986,18065,0.0001
2624,34.75,3,73380,23.75,0.05,20593,0.6673045754432678,18094,0.0001
2628,32.94,3,73496,21.94,0.05,20626,0.2412753403186798,18123,0.0001
2632,33.37,3,73608,22.37,0.05,20657,0.528157651424408,18151,0.0001
2636,34.12,3,73777,23.12,0.05,20702,0.10246865451335907,18194,0.0001
2640,34.27,3,73919,23.27,0.05,20740,0.9866294264793396,18229,0.0001
2644,34.57,3,74086,23.57,0.05,20785,0.5386213064193726,18271,0.0001
2648,35.31,3,74302,24.31,0.05,20841,0.7286314368247986,18325,0.0001
2652,36.63,3,74558,25.63,0.05,20907,0.6391034126281738,18389,0.0001
2656,37.2,3,74720,26.2,0.05,20951,1.1443850994110107,18429,0.0001
2660,37.52,3,74829,26.52,0.05,20982,0.3089239001274109,18457,0.0001
2664,37.67,3,74961,26.67,0.05,21018,1.4247628450393677,18490,0.0001
2668,37.23,3,75126,26.23,0.05,21062,0.2289322167634964,18531,0.0001
2672,36.57,3,75250,25.57,0.05,21097,0.6453142166137695,18562,0.0001
2676,36.9,3,75394,25.9,0.05,21136,0.5728635191917419,18598,0.0001
2680,36.92,3,75522,25.92,0.05,21170,1.1378810405731201,18630,0.0001
2684,37.47,3,75688,26.47,0.05,21214,0.5281555652618408,18671,0.0001
2688,36.12,3,75804,25.12,0.05,21247,0.832547664642334,18700,0.0001
2692,36.02,3,75945,25.02,0.05,21286,0.46513205766677856,18736,0.0001
2696,35.63,3,76011,24.63,0.05,21306,0.8558092713356018,18752,0.0001
2700,35.51,3,76181,24.51,0.05,21352,0.6334267854690552,18795,0.0001
2704,35.94,3,76297,24.94,0.05,21384,0.13182687759399414,18824,0.0001
2708,35.2,3,76411,24.2,0.05,21416,1.3237000703811646,18852,0.0001
2712,35.17,3,76551,24.17,0.05,21454,0.7433531284332275,18887,0.0001
2716,35.71,3,76687,24.71,0.05,21491,0.9129326343536377,18921,0.0001
2720,35.28,3,76790,24.28,0.05,21519,0.5972245931625366,18947,0.0001
2724,35.66,3,76946,24.66,0.05,21562,0.7142149209976196,18986,0.0001
2728,36.1,3,77106,25.1,0.05,21604,0.5196754336357117,19026,0.0001
2732,36.57,3,77265,25.57,0.05,21647,0.816791296005249,19066,0.0001
2736,36.41,3,77418,25.41,0.05,21688,0.10360188037157059,19104,0.0001
2740,36.59,3,77578,25.59,0.05,21730,0.8832820653915405,19144,0.0001
2744,35.56,3,77642,24.56,0.05,21750,1.3129997253417969,19160,0.0001
2748,34.95,3,77797,23.95,0.05,21822,0.7368208169937134,19199,0.0001
2752,35.12,3,78070,24.12,0.05,21893,1.0850229263305664,19267,0.0001
2756,35.07,3,78227,24.07,0.05,21936,0.8643795847892761,19306,0.0001
2760,35.93,3,78422,24.93,0.05,21987,0.32432466745376587,19355,0.0001
2764,36.29,3,78590,25.29,0.05,22032,1.4099785089492798,19397,0.0001
2768,35.55,3,78681,24.55,0.05,22059,0.6556151509284973,19420,0.0001
2772,36.21,3,78871,25.21,0.05,22109,0.4772782623767853,19467,0.0001
2776,36.35,3,79029,25.35,0.05,22152,1.4275364875793457,19507,0.0001
2780,36.42,3,79164,25.42,0.05,22189,0.6848970651626587,19540,0.0001
2784,36.16,3,79304,25.16,0.05,22228,0.6519994139671326,19575,0.0001
2788,36.08,3,79412,25.08,0.05,22258,0.235489621758461,19602,0.0001
2792,35.77,3,79522,24.77,0.05,22289,0.6557153463363647,19630,0.0001
2796,35.98,3,79609,24.98,0.05,22314,0.6147302985191345,19652,0.0001
2800,35.97,3,79778,24.97,0.05,22360,0.9153378009796143,19694,0.0001
2804,36.26,3,79923,25.26,0.05,22398,0.6936469078063965,19730,0.0001
2808,38.0,3,80211,27.0,0.05,22472,0.24973201751708984,19802,0.0001
2812,38.1,3,80361,27.1,0.05,22513,0.45449551939964294,19840,0.0001
2816,38.16,3,80503,27.16,0.05,22551,1.0753763914108276,19875,0.0001
2820,38.73,3,80663,27.73,0.05,22594,0.16509003937244415,19915,0.0001
2824,39.16,3,80862,28.16,0.05,22647,1.7130298614501953,19965,0.0001
2828,39.54,3,81060,28.54,0.05,22699,1.2974733114242554,20014,0.0001
2832,39.92,3,81257,28.92,0.05,22749,0.602896511554718,20064,0.0001
2836,40.27,3,81445,29.27,0.05,22799,1.6583741903305054,20111,0.0001
2840,40.99,3,81677,29.99,0.05,22860,0.03161858767271042,20169,0.0001
2844,41.98,3,81840,30.98,0.05,22903,1.3565927743911743,20209,0.0001
2848,41.98,3,81995,30.98,0.05,22945,1.0007731914520264,20248,0.0001
2852,40.26,3,82096,29.26,0.05,22974,0.02995893359184265,20273,0.0001
2856,39.91,3,82218,28.91,0.05,23007,0.41211041808128357,20304,0.0001
2860,39.06,3,82328,28.06,0.05,23037,0.38885390758514404,20331,0.0001
2864,39.07,3,82497,28.07,0.05,23082,0.9180272221565247,20374,0.0001
2868,39.91,3,82672,28.91,0.05,23129,0.6916949152946472,20417,0.0001
2872,39.39,3,82810,28.39,0.05,23166,0.9827889204025269,20452,0.0001
2876,39.49,3,82978,28.49,0.05,23211,0.25583416223526,20494,0.0001
2880,39.24,3,83088,28.24,0.05,23242,0.21959155797958374,20521,0.0001
2884,39.37,3,83241,28.37,0.05,23283,0.48140209913253784,20560,0.0001
2888,40.29,3,83441,29.29,0.05,23335,0.5910910964012146,20610,0.0001
2892,41.84,3,83706,30.84,0.05,23403,1.1567838191986084,20676,0.0001
2896,43.33,3,83942,32.33,0.05,23464,0.6138893961906433,20735,0.0001
2900,43.48,3,84126,32.48,0.05,23512,0.03473406285047531,20781,0.0001
2904,44.04,3,84327,33.04,0.05,23565,1.541230320930481,20831,0.0001
2908,43.6,3,84571,32.6,0.05,23628,0.2137257158756256,20892,0.0001
2912,43.84,3,84745,32.84,0.05,23674,0.35029658675193787,20936,0.0001
2916,43.51,3,84854,32.51,0.05,23705,0.8104501962661743,20963,0.0001
2920,43.15,3,84978,32.15,0.05,23739,0.08225646615028381,20994,0.0001
2924,41.77,3,85039,30.77,0.05,23757,0.4687345027923584,21009,0.0001
2928,41.62,3,85222,30.62,0.05,23805,0.6235364675521851,21055,0.0001
2932,41.41,3,85398,30.41,0.05,23851,0.7548609375953674,21099,0.0001
2936,40.53,3,85498,29.53,0.05,23879,0.5316342115402222,21124,0.0001
2940,39.7,3,85647,28.7,0.05,23919,1.4135751724243164,21161,0.0001
2944,39.6,3,85800,28.6,0.05,23959,0.17587408423423767,21199,0.0001
2948,39.72,3,85967,28.72,0.05,24004,0.8181810975074768,21241,0.0001
2952,40.32,3,86128,29.32,0.05,24046,0.8237965106964111,21281,0.0001
2956,40.84,3,86302,29.84,0.05,24091,1.5865914821624756,21325,0.0001
2960,41.51,3,86479,30.51,0.05,24138,0.3671102225780487,21369,0.0001
2964,40.84,3,86581,29.84,0.05,24166,1.2135863304138184,21395,0.0001
2968,40.72,3,86744,29.72,0.05,24209,1.4571032524108887,21435,0.0001
2972,42.0,3,87010,31.0,0.05,24277,0.6187294721603394,21502,0.0001
2976,42.4,3,87218,31.4,0.05,24330,0.7865011096000671,21554,0.0001
2980,42.73,3,87361,31.73,0.05,24368,0.37784144282341003,21590,0.0001
2984,42.74,3,87515,31.74,0.05,24409,0.06279624253511429,21628,0.0001
2988,42.79,3,87720,31.79,0.05,24462,1.488313913345337,21679,0.0001
2992,41.84,3,87890,30.84,0.05,24506,1.186325192451477,21722,0.0001
2996,40.43,3,87985,29.43,0.05,24532,0.8128635883331299,21746,0.0001
3000,40.47,3,88173,29.47,0.05,24581,0.8242130875587463,21793,0.0001
3004,41.03,3,88430,30.03,0.05,24646,1.2695680856704712,21857,0.0001
3008,40.89,3,88660,29.89,0.05,24704,0.6410138010978699,21914,0.0001
3012,41.55,3,88900,30.55,0.05,24765,1.0456535816192627,21974,0.0001
3016,41.85,3,89039,30.85,0.05,24802,0.7453446388244629,22009,0.0001
3020,42.69,3,89247,31.69,0.05,24856,1.1641618013381958,22061,0.0001
3024,44.19,3,89458,33.19,0.05,24910,0.0396568588912487,22114,0.0001
3028,45.02,3,89724,34.02,0.05,24977,1.5342791080474854,22180,0.0001
3032,46.46,3,90044,35.46,0.05,25058,0.6142463088035583,22260,0.0001
3036,47.22,3,90220,36.22,0.05,25104,1.130034327507019,22304,0.0001
3040,47.53,3,90400,36.53,0.05,25152,2.5405755043029785,22349,0.0001
3044,48.62,3,90662,37.62,0.05,25218,0.16464348137378693,22415,0.0001
3048,49.02,3,90869,38.02,0.05,25272,1.5011928081512451,22467,0.0001
3052,49.22,3,91050,38.22,0.05,25319,0.07806962728500366,22512,0.0001
3056,49.28,3,91230,38.28,0.05,25365,0.20034681260585785,22557,0.0001
3060,49.52,3,91431,38.52,0.05,25417,0.3321547210216522,22607,0.0001
3064,49.85,3,91566,38.85,0.05,25452,0.05243154615163803,22641,0.0001
3068,49.99,3,91743,38.99,0.05,25498,0.8443199396133423,22685,0.0001
3072,49.28,3,91938,38.28,0.05,25549,0.20106478035449982,22734,0.0001
3076,48.41,3,92059,37.41,0.05,25581,0.5485079288482666,22764,0.0001
3080,50.64,3,92425,39.64,0.05,25672,0.8609083890914917,22856,0.0001
3084,51.68,3,92683,40.68,0.05,25737,0.9943951368331909,22920,0.0001
3088,53.25,3,93045,42.25,0.05,25826,1.3368960618972778,23011,0.0001
3092,53.75,3,93265,42.75,0.05,25882,0.6414365768432617,23066,0.0001
3096,55.2,3,93505,44.2,0.05,25942,0.5433617234230042,23126,0.0001
3100,58.03,3,93976,47.03,0.05,26057,0.9134882688522339,23243,0.0001
3104,57.4,3,94170,46.4,0.05,26107,1.6727222204208374,23292,0.0001
3108,58.21,3,94481,47.21,0.05,26186,1.6108217239379883,23370,0.0001
3112,57.0,3,94600,46.0,0.05,26218,0.5668920874595642,23399,0.0001
3116,58.37,3,94876,47.37,0.05,26287,1.3390096426010132,23468,0.0001
3120,56.94,3,94941,45.94,0.05,26315,0.08453086018562317,23485,0.0001
3124,55.19,3,94977,44.19,0.05,26341,1.565868854522705,23494,0.0001
