time/total_timesteps,rollout/ep_len_mean,time/fps,time/episodes,rollout/exploration_rate,rollout/ep_rew_mean,time/time_elapsed,train/learning_rate,train/n_updates,train/loss
35,8.75,2,4,0.9966750000000004,-2.25,14,,,
125,15.625,2,8,0.9881250000000003,4.625,42,,,
165,13.75,2,12,0.9843249999999997,2.75,56,,,
197,12.3125,2,16,0.9812849999999997,1.3125,69,,,
234,11.7,2,20,0.9777699999999999,0.7,83,,,
284,11.833333333333334,2,24,0.9730200000000004,0.8333333333333334,100,,,
327,11.678571428571429,2,28,0.9689350000000001,0.6785714285714286,115,,,
363,11.34375,2,32,0.9655149999999998,0.34375,129,,,
435,12.083333333333334,2,36,0.9586750000000004,1.0833333333333333,152,,,
486,12.15,2,40,0.9538300000000003,1.15,169,,,
553,12.568181818181818,2,44,0.9474649999999997,1.5681818181818181,191,,,
585,12.1875,2,48,0.9444249999999998,1.1875,204,,,
620,11.923076923076923,2,52,0.9411000000000002,0.9230769230769231,217,,,
668,11.928571428571429,2,56,0.9365399999999998,0.9285714285714286,234,,,
700,11.666666666666666,2,60,0.9335,0.6666666666666666,246,,,
762,11.90625,2,64,0.9276100000000004,0.90625,266,,,
814,11.970588235294118,2,68,0.9226699999999997,0.9705882352941176,284,,,
845,11.73611111111111,2,72,0.9197250000000003,0.7361111111111112,296,,,
877,11.539473684210526,2,76,0.9166850000000005,0.5394736842105263,309,,,
932,11.65,2,80,0.91146,0.65,327,,,
982,11.69047619047619,2,84,0.9067099999999996,0.6904761904761905,344,,,
1082,12.295454545454545,2,88,0.8972099999999995,1.2954545454545454,375,0.0001,20,1.0679523944854736
1142,12.41304347826087,2,92,0.8915100000000001,1.4130434782608696,395,0.0001,35,1.3137266635894775
1178,12.270833333333334,2,96,0.8880899999999999,1.2708333333333333,409,0.0001,44,0.6640403270721436
1213,12.13,2,100,0.8847650000000002,1.13,422,0.0001,53,0.9780410528182983
1246,12.11,2,104,0.8816299999999998,1.11,435,0.0001,61,0.9822421669960022
1281,11.56,2,108,0.8783050000000001,0.56,449,0.0001,70,0.9798133969306946
1334,11.69,2,112,0.8732699999999998,0.69,467,0.0001,83,0.9775114059448242
1369,11.72,2,116,0.8699450000000002,0.72,481,0.0001,92,0.0009200405911542475
1409,11.75,2,120,0.8661449999999996,0.75,495,0.0001,102,1.3049826622009277
1469,11.85,2,124,0.8604450000000001,0.85,515,0.0001,117,0.6532418131828308
1526,11.99,2,128,0.8550299999999995,0.99,535,0.0001,131,1.30222487449646
1562,11.99,2,132,0.8516100000000003,0.99,548,0.0001,140,0.6571158766746521
1614,11.79,2,136,0.8466699999999996,0.79,566,0.0001,153,0.3350323736667633
1646,11.6,2,140,0.8436299999999997,0.6,579,0.0001,161,0.9833651781082153
1684,11.31,2,144,0.8400200000000003,0.31,593,0.0001,170,0.9793838262557983
1715,11.3,2,148,0.837075,0.3,606,0.0001,178,1.6362154483795166
1771,11.51,2,152,0.831755,0.51,625,0.0001,192,0.32712873816490173
1808,11.4,2,156,0.8282400000000001,0.4,638,0.0001,201,1.2963682413101196
1891,11.91,2,160,0.8203550000000002,0.91,664,0.0001,222,1.3086528778076172
1949,11.87,2,164,0.8148449999999999,0.87,684,0.0001,237,1.6203243732452393
2008,11.94,2,168,0.8092400000000002,0.94,704,0.0001,251,0.6481243371963501
2058,12.13,2,172,0.8044899999999996,1.13,721,0.0001,264,0.005872183945029974
2089,12.12,2,176,0.8015450000000004,1.12,734,0.0001,272,0.6505380272865295
2166,12.34,2,180,0.7942299999999999,1.34,758,0.0001,291,0.33844488859176636
2202,12.2,2,184,0.7908099999999996,1.2,772,0.0001,300,0.33135098218917847
2274,11.92,2,188,0.7839700000000002,0.92,795,0.0001,318,0.6543282270431519
2309,11.67,2,192,0.7806449999999995,0.67,808,0.0001,327,0.642500638961792
2369,11.91,2,196,0.7749450000000001,0.91,828,0.0001,342,2.2171759605407715
2457,12.44,2,200,0.7665850000000002,1.44,856,0.0001,364,1.9430766105651855
2493,12.47,2,204,0.763165,1.47,869,0.0001,373,0.3166930675506592
2566,12.85,2,208,0.7562299999999998,1.85,892,0.0001,391,1.5395135879516602
2598,12.64,2,212,0.75319,1.64,905,0.0001,399,0.33018261194229126
2656,12.87,2,216,0.7476799999999998,1.87,925,0.0001,413,0.3215356767177582
2698,12.89,2,220,0.74369,1.89,940,0.0001,424,1.1966016292572021
2752,12.83,2,224,0.7385600000000001,1.83,958,0.0001,437,0.9106382131576538
2829,13.03,2,228,0.7312449999999997,2.03,982,0.0001,457,0.6506635546684265
2861,12.99,2,232,0.7282049999999998,1.99,995,0.0001,465,0.3350833058357239
2916,13.02,2,236,0.7229800000000004,2.02,1014,0.0001,478,0.8907561898231506
2948,13.02,2,240,0.7199400000000005,2.02,1026,0.0001,486,0.2850138247013092
3011,13.27,2,244,0.7139550000000003,2.27,1047,0.0001,502,0.9175288081169128
3080,13.65,2,248,0.7073999999999996,2.65,1069,0.0001,519,1.0024399757385254
3143,13.72,2,252,0.7014150000000005,2.72,1090,0.0001,535,0.30859220027923584
3200,13.92,2,256,0.6959999999999997,2.92,1109,0.0001,549,0.5626325011253357
3247,13.56,2,260,0.691535,2.56,1126,0.0001,561,0.22826941311359406
3324,13.75,2,264,0.6842199999999996,2.75,1150,0.0001,580,1.1177313327789307
3364,13.56,2,268,0.68042,2.56,1165,0.0001,590,1.5057594776153564
3424,13.66,2,272,0.6747199999999995,2.66,1185,0.0001,605,0.19459746778011322
3483,13.94,2,276,0.6691149999999997,2.94,1204,0.0001,620,0.04584447294473648
3533,13.67,2,280,0.6643650000000003,2.67,1221,0.0001,633,0.8551427125930786
3597,13.95,2,284,0.6582849999999995,2.95,1242,0.0001,649,0.4453876316547394
3655,13.81,2,288,0.6527750000000003,2.81,1262,0.0001,663,1.4692270755767822
3713,14.04,2,292,0.6472650000000001,3.04,1281,0.0001,678,0.5898255705833435
3749,13.8,2,296,0.6438449999999998,2.8,1295,0.0001,687,0.1185225173830986
3830,13.73,2,300,0.63615,2.73,1320,0.0001,707,0.4465580880641937
3908,14.15,2,304,0.6287400000000001,3.15,1344,0.0001,726,0.4961807131767273
3962,13.96,2,308,0.6236100000000002,2.96,1362,0.0001,740,0.3171083629131317
4021,14.23,2,312,0.6180050000000004,3.23,1382,0.0001,755,0.22853752970695496
4118,14.62,2,316,0.60879,3.62,1411,0.0001,779,0.174919992685318
4181,14.83,2,320,0.6028049999999999,3.83,1431,0.0001,795,0.7064610719680786
4247,14.95,2,324,0.5965349999999999,3.95,1453,0.0001,811,0.06238461658358574
4315,14.86,2,328,0.5900749999999998,3.86,1475,0.0001,828,0.03030531480908394
4369,15.08,2,332,0.5849449999999999,4.08,1493,0.0001,842,1.5011640787124634
4428,15.12,2,336,0.5793400000000002,4.12,1513,0.0001,856,0.9013451337814331
4463,15.15,2,340,0.5760150000000005,4.15,1526,0.0001,865,0.3346627354621887
4522,15.11,2,344,0.5704099999999996,4.11,1545,0.0001,880,0.7305207848548889
4558,14.78,2,348,0.5669900000000004,3.78,1559,0.0001,889,0.5717812180519104
4613,14.7,2,352,0.5617650000000001,3.7,1577,0.0001,903,0.04834192246198654
4682,14.82,2,356,0.5552100000000003,3.82,1599,0.0001,920,0.2913324534893036
4749,15.02,2,360,0.5488449999999997,4.02,1621,0.0001,937,0.9004300236701965
4794,14.7,2,364,0.5445700000000002,3.7,1636,0.0001,948,0.35426610708236694
4855,14.91,2,368,0.5387750000000002,3.91,1656,0.0001,963,0.24744939804077148
4906,14.82,2,372,0.5339300000000001,3.82,1674,0.0001,976,0.737720251083374
4953,14.7,2,376,0.5294650000000004,3.7,1690,0.0001,988,0.398652583360672
4985,14.52,2,380,0.5264250000000006,3.52,1703,0.0001,996,0.05870708078145981
5052,14.55,2,384,0.52006,3.55,1724,0.0001,1012,0.32945406436920166
5114,14.59,2,388,0.5141700000000005,3.59,1744,0.0001,1028,0.026392968371510506
5209,14.96,2,392,0.5051450000000004,3.96,1773,0.0001,1052,0.6693258881568909
5265,15.16,2,396,0.4998250000000003,4.16,1791,0.0001,1066,0.1822679340839386
5348,15.18,2,400,0.4919400000000004,4.18,1816,0.0001,1086,0.08482431620359421
5429,15.21,2,404,0.4842450000000006,4.21,1841,0.0001,1107,0.757588803768158
5492,15.3,2,408,0.47826000000000035,4.3,1862,0.0001,1122,0.1676795482635498
5601,15.8,2,412,0.467905,4.8,1894,0.0001,1150,0.9116536378860474
5640,15.22,2,416,0.46420000000000006,4.22,1908,0.0001,1159,0.45928871631622314
5685,15.04,2,420,0.4599250000000005,4.04,1924,0.0001,1171,0.3404456079006195
5745,14.98,2,424,0.454225,3.98,1943,0.0001,1186,0.3132823705673218
5802,14.87,2,428,0.4488100000000005,3.87,1962,0.0001,1200,0.35450246930122375
5898,15.29,2,432,0.4396899999999998,4.29,1991,0.0001,1224,0.3996277451515198
5961,15.33,2,436,0.43370499999999956,4.33,2011,0.0001,1240,0.1150088906288147
6002,15.39,2,440,0.42981000000000047,4.39,2026,0.0001,1250,0.08077698945999146
6077,15.55,2,444,0.4226850000000001,4.55,2049,0.0001,1269,0.5486669540405273
6171,16.13,2,448,0.41375499999999965,5.13,2077,0.0001,1292,0.27121785283088684
6268,16.55,2,452,0.40454000000000045,5.55,2106,0.0001,1316,0.5891011357307434
6351,16.69,2,456,0.3966550000000004,5.69,2132,0.0001,1337,0.41112080216407776
6438,16.89,2,460,0.3883900000000001,5.89,2158,0.0001,1359,0.15232037007808685
6506,17.12,2,464,0.38193,6.12,2179,0.0001,1376,0.46964746713638306
6609,17.54,2,468,0.3721450000000003,6.54,2210,0.0001,1402,0.09995059669017792
6690,17.84,2,472,0.3644500000000005,6.84,2235,0.0001,1422,0.40025341510772705
6778,18.25,2,476,0.3560900000000006,7.25,2261,0.0001,1444,0.024798311293125153
6870,18.85,3,480,0.34735000000000027,7.85,2288,0.0001,1467,0.6207347512245178
6933,18.81,3,484,0.34136500000000003,7.81,2308,0.0001,1483,0.3555589020252228
7003,18.89,3,488,0.33471499999999976,7.89,2331,0.0001,1500,0.308540403842926
7081,18.72,3,492,0.3273049999999996,7.72,2355,0.0001,1520,0.7121267318725586
7153,18.88,3,496,0.3204650000000002,7.88,2377,0.0001,1538,0.8646293878555298
7210,18.62,3,500,0.3150499999999996,7.62,2396,0.0001,1552,0.5735853910446167
7247,18.18,3,504,0.3115349999999997,7.18,2409,0.0001,1561,0.02171286568045616
7374,18.82,3,508,0.2994699999999999,7.82,2446,0.0001,1593,0.03290964290499687
7443,18.42,3,512,0.29291500000000015,7.42,2468,0.0001,1610,0.4353216588497162
7543,19.03,3,516,0.2834150000000001,8.03,2498,0.0001,1635,0.6505205631256104
7638,19.53,3,520,0.27439,8.53,2525,0.0001,1659,0.28286781907081604
7723,19.78,3,524,0.26631499999999986,8.78,2551,0.0001,1680,0.3311459422111511
7802,20.0,3,528,0.2588100000000003,9.0,2575,0.0001,1700,0.39166539907455444
7846,19.48,3,532,0.25463000000000025,8.48,2591,0.0001,1711,0.3662137985229492
7901,19.4,3,536,0.24940499999999988,8.4,2609,0.0001,1725,1.2922475337982178
8000,19.98,3,540,0.24000000000000044,8.98,2638,0.0001,1749,0.4856877624988556
8078,20.01,3,544,0.2325900000000004,9.01,2662,0.0001,1769,0.5987148284912109
8168,19.97,3,548,0.22404000000000035,8.97,2688,0.0001,1791,0.08873043209314346
8246,19.78,3,552,0.21663000000000032,8.78,2712,0.0001,1811,0.6149836778640747
8343,19.92,3,556,0.20741500000000013,8.92,2741,0.0001,1835,0.4115527272224426
8501,20.63,3,560,0.19240499999999983,9.63,2784,0.0001,1875,0.2478460818529129
8600,20.94,3,564,0.18300000000000038,9.94,2813,0.0001,1899,0.3923359811306
8672,20.63,3,568,0.17615999999999987,9.63,2835,0.0001,1917,0.3443012237548828
8758,20.68,3,572,0.1679900000000002,9.68,2861,0.0001,1939,0.19360141456127167
8815,20.37,3,576,0.16257500000000047,9.37,2880,0.0001,1953,1.3802292346954346
8937,20.67,3,580,0.1509850000000006,9.67,2914,0.0001,1984,0.8933742046356201
9004,20.71,3,584,0.14461999999999997,9.71,2935,0.0001,2000,0.378876268863678
9078,20.75,3,588,0.13759000000000032,9.75,2957,0.0001,2019,0.5857101082801819
9190,21.09,3,592,0.12695000000000023,10.09,2989,0.0001,2047,0.4983929991722107
9255,21.02,3,596,0.12077499999999985,10.02,3010,0.0001,2063,0.2188872992992401
9359,21.49,3,600,0.11089499999999941,10.49,3040,0.0001,2089,0.059960443526506424
9453,22.06,3,604,0.10196500000000008,11.06,3068,0.0001,2113,0.19098998606204987
9543,21.69,3,608,0.09341500000000003,10.69,3094,0.0001,2135,0.026218250393867493
9594,21.51,3,612,0.08856999999999993,10.51,3111,0.0001,2148,0.02659434638917446
9669,21.26,3,616,0.08144500000000066,10.26,3134,0.0001,2167,1.199450135231018
9818,21.8,3,620,0.06728999999999974,10.8,3175,0.0001,2204,0.013629516586661339
9939,22.16,3,624,0.05579500000000026,11.16,3209,0.0001,2234,0.13167671859264374
10033,22.31,3,628,0.05,11.31,3237,0.0001,2258,0.09870318323373795
10154,23.08,3,632,0.05,12.08,3272,0.0001,2288,0.5807799100875854
10256,23.55,3,636,0.05,12.55,3301,0.0001,2313,0.7314988374710083
10392,23.92,3,640,0.05,12.92,3339,0.0001,2347,0.3003700375556946
10454,23.76,3,644,0.05,12.76,3358,0.0001,2363,0.3850190341472626
10547,23.79,3,648,0.05,12.79,3386,0.0001,2386,0.13762815296649933
10660,24.14,3,652,0.05,13.14,3418,0.0001,2414,0.3554389178752899
10769,24.26,3,656,0.05,13.26,3449,0.0001,2442,0.43954282999038696
10879,23.78,3,660,0.05,12.78,3481,0.0001,2469,0.35153928399086
10984,23.84,3,664,0.05,12.84,3511,0.0001,2495,0.4162251651287079
11118,24.46,3,668,0.05,13.46,3550,0.0001,2529,0.4520169496536255
11199,24.41,3,672,0.05,13.41,3574,0.0001,2549,0.3510521650314331
11292,24.77,3,676,0.05,13.77,3601,0.0001,2572,0.37546461820602417
11376,24.39,3,680,0.05,13.39,3626,0.0001,2593,0.35776349902153015
11486,24.82,3,684,0.05,13.82,3658,0.0001,2621,0.6288925409317017
11661,25.83,3,688,0.05,14.83,3706,0.0001,2665,0.03862898051738739
11750,25.6,3,692,0.05,14.6,3732,0.0001,2687,0.9770787954330444
11861,26.06,3,696,0.05,15.06,3764,0.0001,2715,0.03837735205888748
11970,26.11,3,700,0.05,15.11,3796,0.0001,2742,0.38028812408447266
12077,26.24,3,704,0.05,15.24,3826,0.0001,2769,0.40329304337501526
12222,26.79,3,708,0.05,15.79,3866,0.0001,2805,0.04694974422454834
12331,27.37,3,712,0.05,16.37,3897,0.0001,2832,0.7082732319831848
12399,27.3,3,716,0.05,16.3,3918,0.0001,2849,1.2432923316955566
12538,27.2,3,720,0.05,16.2,3957,0.0001,2884,0.44660037755966187
12667,27.28,3,724,0.05,16.28,3993,0.0001,2916,0.7596696019172668
12777,27.44,3,728,0.05,16.44,4025,0.0001,2944,0.8647676706314087
12899,27.45,3,732,0.05,16.45,4059,0.0001,2974,0.7774847745895386
13002,27.46,3,736,0.05,16.46,4089,0.0001,3000,0.3950459063053131
13092,27.0,3,740,0.05,16.0,4115,0.0001,3022,0.39217013120651245
13190,27.36,3,744,0.05,16.36,4144,0.0001,3047,0.3801279067993164
13289,27.42,3,748,0.05,16.42,4173,0.0001,3072,0.26999521255493164
13401,27.41,3,752,0.05,16.41,4205,0.0001,3100,0.033738791942596436
13507,27.38,3,756,0.05,16.38,4235,0.0001,3126,0.3655008375644684
13631,27.52,3,760,0.05,16.52,4270,0.0001,3157,0.6986964344978333
13728,27.44,3,764,0.05,16.44,4299,0.0001,3181,0.37278226017951965
13823,27.05,3,768,0.05,16.05,4328,0.0001,3205,0.12210887670516968
13886,26.87,3,772,0.05,15.87,4348,0.0001,3221,0.40211865305900574
14024,27.32,3,776,0.05,16.32,4386,0.0001,3255,0.13554468750953674
14118,27.42,3,780,0.05,16.42,4414,0.0001,3279,0.39638423919677734
14214,27.28,3,784,0.05,16.28,4443,0.0001,3303,0.02899746596813202
14306,26.45,3,788,0.05,15.45,4470,0.0001,3326,0.03307525813579559
14417,26.67,3,792,0.05,15.67,4502,0.0001,3354,0.7249376177787781
14505,26.44,3,796,0.05,15.44,4528,0.0001,3376,0.7459178566932678
14602,26.32,3,800,0.05,15.32,4557,0.0001,3400,1.1645363569259644
14724,26.47,3,804,0.05,15.47,4591,0.0001,3430,0.241951122879982
14852,26.3,3,808,0.05,15.3,4627,0.0001,3462,1.350831151008606
14978,26.47,3,812,0.05,15.47,4662,0.0001,3494,0.35054439306259155
15096,26.97,3,816,0.05,15.97,4696,0.0001,3523,0.2486763894557953
15167,26.29,3,820,0.05,15.29,4718,0.0001,3541,0.01696719415485859
15246,25.79,3,824,0.05,14.79,4743,0.0001,3561,0.3554941713809967
15317,25.4,3,828,0.05,14.4,4765,0.0001,3579,0.10959577560424805
15405,25.06,3,832,0.05,14.06,4791,0.0001,3601,0.7169807553291321
15496,24.94,3,836,0.05,13.94,4818,0.0001,3623,0.39391830563545227
15629,25.37,3,840,0.05,14.37,4855,0.0001,3657,0.3715590536594391
15710,25.2,3,844,0.05,14.2,4879,0.0001,3677,0.48762795329093933
15813,25.24,3,848,0.05,14.24,4909,0.0001,3703,0.15482622385025024
15949,25.48,3,852,0.05,14.48,4947,0.0001,3737,0.337242066860199
16041,25.34,3,856,0.05,14.34,4975,0.0001,3760,1.0056047439575195
16114,24.83,3,860,0.05,13.83,4997,0.0001,3778,0.8090908527374268
16223,24.95,3,864,0.05,13.95,5028,0.0001,3805,0.051170893013477325
16327,25.04,3,868,0.05,14.04,5058,0.0001,3831,0.3517765700817108
16445,25.59,3,872,0.05,14.59,5092,0.0001,3861,0.3879911005496979
16587,25.63,3,876,0.05,14.63,5130,0.0001,3896,0.6840834021568298
16652,25.34,3,880,0.05,14.34,5151,0.0001,3912,0.7090109586715698
16769,25.55,3,884,0.05,14.55,5184,0.0001,3942,1.011533260345459
16865,25.59,3,888,0.05,14.59,5212,0.0001,3966,1.5932655334472656
16977,25.6,3,892,0.05,14.6,5244,0.0001,3994,0.04279003292322159
17075,25.7,3,896,0.05,14.7,5272,0.0001,4018,0.015659792348742485
17197,25.95,3,900,0.05,14.95,5307,0.0001,4049,0.06815645098686218
17294,25.7,3,904,0.05,14.7,5335,0.0001,4073,0.6402194499969482
17389,25.37,3,908,0.05,14.37,5363,0.0001,4097,0.36850088834762573
17481,25.03,3,912,0.05,14.03,5390,0.0001,4120,0.373125284910202
17580,24.84,3,916,0.05,13.84,5419,0.0001,4144,0.43942826986312866
17683,25.16,3,920,0.05,14.16,5448,0.0001,4170,0.7092648148536682
17761,25.15,3,924,0.05,14.15,5473,0.0001,4190,0.8652220368385315
17903,25.86,3,928,0.05,14.86,5512,0.0001,4225,0.15716123580932617
17963,25.58,3,932,0.05,14.58,5531,0.0001,4240,0.035761844366788864
18078,25.82,3,936,0.05,14.82,5564,0.0001,4269,0.4356043338775635
18173,25.44,3,940,0.05,14.44,5592,0.0001,4293,1.0063096284866333
18239,25.29,3,944,0.05,14.29,5612,0.0001,4309,0.3990841209888458
18357,25.44,3,948,0.05,14.44,5646,0.0001,4339,0.31881025433540344
18470,25.21,3,952,0.05,14.21,5678,0.0001,4367,0.023365698754787445
18563,25.22,3,956,0.05,14.22,5706,0.0001,4390,0.4528076648712158
18662,25.48,3,960,0.05,14.48,5734,0.0001,4415,0.018099237233400345
18757,25.34,3,964,0.05,14.34,5762,0.0001,4439,1.0177773237228394
18862,25.35,3,968,0.05,14.35,5792,0.0001,4465,0.3767343759536743
18993,25.48,3,972,0.05,14.48,5828,0.0001,4498,0.020404282957315445
19063,24.76,3,976,0.05,13.76,5850,0.0001,4515,0.02792956307530403
19167,25.15,3,980,0.05,14.15,5880,0.0001,4541,0.3519013524055481
19301,25.32,3,984,0.05,14.32,5917,0.0001,4575,0.7338338494300842
19410,25.45,3,988,0.05,14.45,5949,0.0001,4602,0.05250123515725136
19529,25.52,3,992,0.05,14.52,5982,0.0001,4632,0.22365692257881165
19626,25.51,3,996,0.05,14.51,6011,0.0001,4656,0.769756555557251
19745,25.48,3,1000,0.05,14.48,6044,0.0001,4686,0.04356604069471359
19854,25.6,3,1004,0.05,14.6,6076,0.0001,4713,1.3282420635223389
20002,26.13,3,1008,0.05,15.13,6117,0.0001,4750,0.7799140214920044
20094,26.13,3,1012,0.05,15.13,6145,0.0001,4773,0.18562932312488556
20177,25.97,3,1016,0.05,14.97,6169,0.0001,4794,0.4032823443412781
20345,26.62,3,1020,0.05,15.62,6215,0.0001,4836,0.04266195371747017
20466,27.05,3,1024,0.05,16.05,6249,0.0001,4866,0.0539042130112648
20544,26.41,3,1028,0.05,15.41,6273,0.0001,4885,0.4847252070903778
20635,26.72,3,1032,0.05,15.72,6300,0.0001,4908,0.4227108955383301
20800,27.22,3,1036,0.05,16.22,6345,0.0001,4949,1.006984829902649
20917,27.44,3,1040,0.05,16.44,6379,0.0001,4979,0.026505090296268463
21000,27.61,3,1044,0.05,16.61,6403,0.0001,4999,0.42865243554115295
21080,27.23,3,1048,0.05,16.23,6428,0.0001,5019,0.1339375078678131
21219,27.49,3,1052,0.05,16.49,6466,0.0001,5054,1.1175380945205688
21382,28.19,3,1056,0.05,17.19,6511,0.0001,5095,0.396342009305954
21496,28.34,3,1060,0.05,17.34,6543,0.0001,5123,1.482216238975525
21622,28.65,3,1064,0.05,17.65,6578,0.0001,5155,0.846356987953186
21753,28.91,3,1068,0.05,17.91,6614,0.0001,5188,0.04892199859023094
21895,29.02,3,1072,0.05,18.02,6654,0.0001,5223,1.0407215356826782
22078,30.15,3,1076,0.05,19.15,6703,0.0001,5269,0.3738994300365448
22232,30.65,3,1080,0.05,19.65,6745,0.0001,5307,0.3653772175312042
22354,30.53,3,1084,0.05,19.53,6779,0.0001,5338,0.021862076595425606
22506,30.96,3,1088,0.05,19.96,6821,0.0001,5376,0.01405433937907219
22600,30.71,3,1092,0.05,19.71,6848,0.0001,5399,1.1036330461502075
22701,30.75,3,1096,0.05,19.75,6877,0.0001,5425,0.20266368985176086
22796,30.51,3,1100,0.05,19.51,6905,0.0001,5448,0.411759614944458
22903,30.49,3,1104,0.05,19.49,6935,0.0001,5475,0.36239659786224365
22978,29.76,3,1108,0.05,18.76,6958,0.0001,5494,0.7303137183189392
23064,29.7,3,1112,0.05,18.7,6984,0.0001,5515,0.6927556991577148
23185,30.08,3,1116,0.05,19.08,7017,0.0001,5546,0.5082066655158997
23296,29.51,3,1120,0.05,18.51,7049,0.0001,5573,0.02318710833787918
23378,29.12,3,1124,0.05,18.12,7074,0.0001,5594,0.06237166374921799
23534,29.9,3,1128,0.05,18.9,7117,0.0001,5633,0.016431603580713272
23667,30.32,3,1132,0.05,19.32,7153,0.0001,5666,0.4632647931575775
23810,30.1,3,1136,0.05,19.1,7193,0.0001,5702,0.32350319623947144
23971,30.54,3,1140,0.05,19.54,7237,0.0001,5742,0.4758250415325165
24095,30.95,3,1144,0.05,19.95,7271,0.0001,5773,0.04933294653892517
24209,31.29,3,1148,0.05,20.29,7304,0.0001,5802,0.4447052478790283
24333,31.14,3,1152,0.05,20.14,7339,0.0001,5833,0.34620094299316406
24506,31.24,3,1156,0.05,20.24,7385,0.0001,5876,0.07751446962356567
24680,31.84,3,1160,0.05,20.84,7432,0.0001,5919,0.0739479660987854
24765,31.43,3,1164,0.05,20.43,7458,0.0001,5941,0.4136725664138794
24892,31.39,3,1168,0.05,20.39,7493,0.0001,5972,0.9747540354728699
24997,31.02,3,1172,0.05,20.02,7523,0.0001,5999,0.7025054097175598
25119,30.41,3,1176,0.05,19.41,7558,0.0001,6029,1.0970503091812134
25227,29.95,3,1180,0.05,18.95,7589,0.0001,6056,0.40501922369003296
25353,29.99,3,1184,0.05,18.99,7624,0.0001,6088,0.00936485268175602
25482,29.76,3,1188,0.05,18.76,7661,0.0001,6120,0.38837751746177673
25614,30.14,3,1192,0.05,19.14,7697,0.0001,6153,1.0466721057891846
25752,30.51,3,1196,0.05,19.51,7735,0.0001,6187,0.10772550106048584
25886,30.9,3,1200,0.05,19.9,7773,0.0001,6221,0.3799862861633301
26006,31.03,3,1204,0.05,20.03,7806,0.0001,6251,0.8223949670791626
26217,32.39,3,1208,0.05,21.39,7863,0.0001,6304,0.31354066729545593
26336,32.72,3,1212,0.05,21.72,7896,0.0001,6333,0.008456789888441563
26455,32.7,3,1216,0.05,21.7,7929,0.0001,6363,0.39917582273483276
26598,33.02,3,1220,0.05,22.02,7969,0.0001,6399,0.21465471386909485
26702,33.24,3,1224,0.05,22.24,7998,0.0001,6425,0.7042482495307922
26830,32.96,3,1228,0.05,21.96,8034,0.0001,6457,0.3000485599040985
26962,32.95,3,1232,0.05,21.95,8071,0.0001,6490,0.3030299246311188
27059,32.49,3,1236,0.05,21.49,8099,0.0001,6514,0.3657495379447937
27179,32.08,3,1240,0.05,21.08,8133,0.0001,6544,0.9944983124732971
27307,32.12,3,1244,0.05,21.12,8169,0.0001,6576,0.42887595295906067
27406,31.97,3,1248,0.05,20.97,8198,0.0001,6601,0.04224853217601776
27548,32.15,3,1252,0.05,21.15,8237,0.0001,6636,0.048658814281225204
27691,31.85,3,1256,0.05,20.85,8276,0.0001,6672,0.6123344898223877
27792,31.12,3,1260,0.05,20.12,8306,0.0001,6697,0.07680509984493256
27933,31.68,3,1264,0.05,20.68,8344,0.0001,6733,0.5042128562927246
28053,31.61,3,1268,0.05,20.61,8378,0.0001,6763,0.07886922359466553
28210,32.13,3,1272,0.05,21.13,8420,0.0001,6802,0.03641783073544502
28371,32.52,3,1276,0.05,21.52,8465,0.0001,6842,0.40041834115982056
28498,32.71,3,1280,0.05,21.71,8501,0.0001,6874,0.49516716599464417
28590,32.37,3,1284,0.05,21.37,8528,0.0001,6897,0.04054819047451019
28677,31.95,3,1288,0.05,20.95,8553,0.0001,6919,0.4070313274860382
28854,32.4,3,1292,0.05,21.4,8601,0.0001,6963,0.4480201005935669
28956,32.04,3,1296,0.05,21.04,8631,0.0001,6988,0.09619534760713577
29077,31.91,3,1300,0.05,20.91,8665,0.0001,7019,0.9969413876533508
29230,32.24,3,1304,0.05,21.24,8706,0.0001,7057,0.06670668721199036
29334,31.17,3,1308,0.05,20.17,8736,0.0001,7083,0.0648154467344284
29480,31.44,3,1312,0.05,20.44,8776,0.0001,7119,0.2708326578140259
29647,31.92,3,1316,0.05,20.92,8822,0.0001,7161,0.4367721378803253
29786,31.88,3,1320,0.05,20.88,8860,0.0001,7196,0.4069714844226837
29909,32.07,3,1324,0.05,21.07,8895,0.0001,7227,0.04772689566016197
30004,31.74,3,1328,0.05,20.74,8922,0.0001,7250,0.46817144751548767
30136,31.74,3,1332,0.05,20.74,8959,0.0001,7283,0.2571566104888916
30245,31.86,3,1336,0.05,20.86,8990,0.0001,7311,0.21614550054073334
30384,32.05,3,1340,0.05,21.05,9029,0.0001,7345,0.5471475124359131
30495,31.88,3,1344,0.05,20.88,9061,0.0001,7373,0.2988278269767761
30622,32.16,3,1348,0.05,21.16,9097,0.0001,7405,1.208143711090088
30761,32.13,3,1352,0.05,21.13,9135,0.0001,7440,0.4802326560020447
30874,31.83,3,1356,0.05,20.83,9167,0.0001,7468,0.2432340830564499
31046,32.54,3,1360,0.05,21.54,9214,0.0001,7511,0.21830907464027405
31165,32.32,3,1364,0.05,21.32,9247,0.0001,7541,0.8638039827346802
31282,32.29,3,1368,0.05,21.29,9280,0.0001,7570,0.165363147854805
31380,31.7,3,1372,0.05,20.7,9309,0.0001,7594,0.05569218844175339
31497,31.26,3,1376,0.05,20.26,9342,0.0001,7624,0.2136661410331726
31580,30.82,3,1380,0.05,19.82,9367,0.0001,7644,0.17983226478099823
31685,30.95,3,1384,0.05,19.95,9396,0.0001,7671,1.8012852668762207
31779,31.02,3,1388,0.05,20.02,9424,0.0001,7694,0.14438268542289734
31861,30.07,3,1392,0.05,19.07,9448,0.0001,7715,0.04002652317285538
32014,30.58,3,1396,0.05,19.58,9490,0.0001,7753,0.16705268621444702
32069,29.92,3,1400,0.05,18.92,9508,0.0001,7767,1.2167497873306274
32183,29.53,3,1404,0.05,18.53,9540,0.0001,7795,0.12540856003761292
32239,29.05,3,1408,0.05,18.05,9559,0.0001,7809,0.9756913185119629
32348,28.68,3,1412,0.05,17.68,9590,0.0001,7836,0.6524823904037476
32464,28.17,3,1416,0.05,17.17,9622,0.0001,7865,0.7057191729545593
32595,28.09,3,1420,0.05,17.09,9659,0.0001,7898,0.4036445617675781
32674,27.65,3,1424,0.05,16.65,9683,0.0001,7918,0.01510512176901102
32789,27.85,3,1428,0.05,16.85,9716,0.0001,7947,0.1999964863061905
32911,27.75,3,1432,0.05,16.75,9750,0.0001,7977,0.16983643174171448
33030,27.85,3,1436,0.05,16.85,9783,0.0001,8007,0.059232085943222046
33174,27.9,3,1440,0.05,16.9,9823,0.0001,8043,0.46488574147224426
33288,27.93,3,1444,0.05,16.93,9855,0.0001,8071,0.44992634654045105
33379,27.57,3,1448,0.05,16.57,9881,0.0001,8094,0.027480317279696465
33501,27.4,3,1452,0.05,16.4,9915,0.0001,8125,0.41783106327056885
33615,27.41,3,1456,0.05,16.41,9947,0.0001,8153,0.6297680139541626
33739,26.93,3,1460,0.05,15.93,9982,0.0001,8184,0.4843354821205139
33822,26.57,3,1464,0.05,15.57,10007,0.0001,8205,0.4089359641075134
33986,27.04,3,1468,0.05,16.04,10051,0.0001,8246,0.766877293586731
34095,27.15,3,1472,0.05,16.15,10082,0.0001,8273,0.4104034900665283
34201,27.04,3,1476,0.05,16.04,10112,0.0001,8300,0.19095896184444427
34382,28.02,3,1480,0.05,17.02,10161,0.0001,8345,0.45242422819137573
34483,27.98,3,1484,0.05,16.98,10190,0.0001,8370,0.37457534670829773
34610,28.31,3,1488,0.05,17.31,10225,0.0001,8402,0.4499025344848633
34724,28.63,3,1492,0.05,17.63,10257,0.0001,8430,0.3438679873943329
34809,27.95,3,1496,0.05,16.95,10283,0.0001,8452,0.1906926929950714
34963,28.94,3,1500,0.05,17.94,10325,0.0001,8490,0.3339134752750397
35106,29.23,3,1504,0.05,18.23,10365,0.0001,8526,0.20869994163513184
35205,29.66,3,1508,0.05,18.66,10393,0.0001,8551,0.07042036950588226
35340,29.92,3,1512,0.05,18.92,10430,0.0001,8584,0.6324126720428467
35476,30.12,3,1516,0.05,19.12,10468,0.0001,8618,0.14941495656967163
35586,29.91,3,1520,0.05,18.91,10499,0.0001,8646,0.4927365183830261
35662,29.88,3,1524,0.05,18.88,10522,0.0001,8665,0.31608903408050537
35820,30.31,3,1528,0.05,19.31,10565,0.0001,8704,0.04464831203222275
35938,30.27,3,1532,0.05,19.27,10598,0.0001,8734,0.07367689162492752
36071,30.41,3,1536,0.05,19.41,10635,0.0001,8767,0.22671754658222198
36237,30.63,3,1540,0.05,19.63,10679,0.0001,8809,0.13631638884544373
36378,30.9,3,1544,0.05,19.9,10719,0.0001,8844,1.2658629417419434
36493,31.14,3,1548,0.05,20.14,10752,0.0001,8873,0.05667543038725853
36673,31.72,3,1552,0.05,20.72,10800,0.0001,8918,0.09723128378391266
36787,31.72,3,1556,0.05,20.72,10832,0.0001,8946,0.47950345277786255
36883,31.44,3,1560,0.05,20.44,10860,0.0001,8970,0.08285624533891678
37003,31.81,3,1564,0.05,20.81,10894,0.0001,9000,0.3134179711341858
37077,30.91,3,1568,0.05,19.91,10916,0.0001,9019,0.2733961343765259
37179,30.84,3,1572,0.05,19.84,10946,0.0001,9044,0.3953518867492676
37268,30.67,3,1576,0.05,19.67,10972,0.0001,9066,0.36378219723701477
37369,29.87,3,1580,0.05,18.87,11001,0.0001,9092,1.2070574760437012
37460,29.77,3,1584,0.05,18.77,11028,0.0001,9114,0.39783522486686707
37601,29.91,3,1588,0.05,18.91,11067,0.0001,9150,0.10421822965145111
37684,29.6,3,1592,0.05,18.6,11091,0.0001,9170,1.5603646039962769
37791,29.82,3,1596,0.05,18.82,11122,0.0001,9197,0.0761706680059433
37966,30.03,3,1600,0.05,19.03,11168,0.0001,9241,0.3811189830303192
38089,29.83,3,1604,0.05,18.83,11203,0.0001,9272,0.9060583114624023
38181,29.76,3,1608,0.05,18.76,11230,0.0001,9295,0.4715261161327362
38344,30.04,3,1612,0.05,19.04,11274,0.0001,9335,0.25501757860183716
38479,30.03,3,1616,0.05,19.03,11312,0.0001,9369,0.33925455808639526
38581,29.95,3,1620,0.05,18.95,11341,0.0001,9395,0.02411513403058052
38747,30.85,3,1624,0.05,19.85,11386,0.0001,9436,0.06067545339465141
38818,29.98,3,1628,0.05,18.98,11408,0.0001,9454,0.19812622666358948
38965,30.27,3,1632,0.05,19.27,11448,0.0001,9491,0.4797089695930481
39105,30.34,3,1636,0.05,19.34,11486,0.0001,9526,0.294403076171875
39242,30.05,3,1640,0.05,19.05,11524,0.0001,9560,0.04767246171832085
39338,29.6,3,1644,0.05,18.6,11552,0.0001,9584,0.39881712198257446
39490,29.97,3,1648,0.05,18.97,11594,0.0001,9622,0.5540288686752319
39595,29.22,3,1652,0.05,18.22,11624,0.0001,9648,0.06561985611915588
39701,29.14,3,1656,0.05,18.14,11655,0.0001,9675,0.1381179541349411
39788,29.05,3,1660,0.05,18.05,11680,0.0001,9696,0.818602979183197
39886,28.83,3,1664,0.05,17.83,11708,0.0001,9721,0.3686448037624359
39975,28.98,3,1668,0.05,17.98,11734,0.0001,9743,0.33217060565948486
40057,28.78,3,1672,0.05,17.78,11759,0.0001,9764,0.4723949432373047
40195,29.27,3,1676,0.05,18.27,11797,0.0001,9798,0.6264846324920654
40306,29.37,3,1680,0.05,18.37,11829,0.0001,9826,0.41146403551101685
40425,29.65,3,1684,0.05,18.65,11862,0.0001,9856,0.051312558352947235
40535,29.34,3,1688,0.05,18.34,11894,0.0001,9883,0.7737006545066833
40653,29.69,3,1692,0.05,18.69,11927,0.0001,9913,0.8558842539787292
40803,30.12,3,1696,0.05,19.12,11968,0.0001,9950,0.01621050387620926
40917,29.51,3,1700,0.05,18.51,12001,0.0001,9979,0.554334282875061
41000,29.11,3,1704,0.05,18.11,12025,0.0001,9999,0.9833733439445496
41109,29.28,3,1708,0.05,18.28,12056,0.0001,10027,0.436321884393692
41236,28.92,3,1712,0.05,17.92,12092,0.0001,10058,0.02177431806921959
41324,28.45,3,1716,0.05,17.45,12118,0.0001,10080,0.7143210768699646
41458,28.77,3,1720,0.05,17.77,12155,0.0001,10114,0.281123548746109
41556,28.09,3,1724,0.05,17.09,12184,0.0001,10138,0.7108379602432251
41624,28.06,3,1728,0.05,17.06,12205,0.0001,10155,0.6741042137145996
41768,28.03,3,1732,0.05,17.03,12245,0.0001,10191,0.5782581567764282
41870,27.65,3,1736,0.05,16.65,12275,0.0001,10217,0.66135573387146
42052,28.1,3,1740,0.05,17.1,12324,0.0001,10262,0.4268609881401062
42229,28.91,3,1744,0.05,17.91,12372,0.0001,10307,0.5286595225334167
42354,28.64,3,1748,0.05,17.64,12406,0.0001,10338,0.17359423637390137
42418,28.23,3,1752,0.05,17.23,12427,0.0001,10354,0.22325555980205536
42542,28.41,3,1756,0.05,17.41,12461,0.0001,10385,0.23563973605632782
42651,28.63,3,1760,0.05,17.63,12493,0.0001,10412,0.32867005467414856
42769,28.83,3,1764,0.05,17.83,12526,0.0001,10442,0.08639992028474808
42899,29.24,3,1768,0.05,18.24,12563,0.0001,10474,0.017888279631733894
43017,29.6,3,1772,0.05,18.6,12596,0.0001,10504,0.1856192946434021
43166,29.71,3,1776,0.05,18.71,12637,0.0001,10541,0.16958141326904297
43305,29.99,3,1780,0.05,18.99,12675,0.0001,10576,0.28570812940597534
43388,29.63,3,1784,0.05,18.63,12700,0.0001,10596,0.8400614857673645
43487,29.52,3,1788,0.05,18.52,12729,0.0001,10621,0.23871339857578278
43610,29.57,3,1792,0.05,18.57,12763,0.0001,10652,0.014548029750585556
43746,29.43,3,1796,0.05,18.43,12801,0.0001,10686,0.5824368000030518
43840,29.23,3,1800,0.05,18.23,12829,0.0001,10709,0.6335409283638
43957,29.57,3,1804,0.05,18.57,12862,0.0001,10739,0.062146998941898346
44066,29.57,3,1808,0.05,18.57,12893,0.0001,10766,0.5165049433708191
44183,29.47,3,1812,0.05,18.47,12926,0.0001,10795,0.11516427993774414
44307,29.83,3,1816,0.05,18.83,12961,0.0001,10826,0.3615003228187561
44434,29.76,3,1820,0.05,18.76,12997,0.0001,10858,0.24765244126319885
44592,30.36,3,1824,0.05,19.36,13040,0.0001,10897,0.7405558824539185
44696,30.72,3,1828,0.05,19.72,13070,0.0001,10923,0.2114749550819397
44849,30.81,3,1832,0.05,19.81,13111,0.0001,10962,0.7110329866409302
45003,31.33,3,1836,0.05,20.33,13154,0.0001,11000,1.820847749710083
45117,30.65,3,1840,0.05,19.65,13186,0.0001,11029,1.1340036392211914
45224,29.95,3,1844,0.05,18.95,13216,0.0001,11055,0.4535071551799774
45354,30.0,3,1848,0.05,19.0,13253,0.0001,11088,0.07770596444606781
45602,31.84,3,1852,0.05,20.84,13318,0.0001,11150,1.0957701206207275
45732,31.9,3,1856,0.05,20.9,13354,0.0001,11182,1.404009222984314
45842,31.91,3,1860,0.05,20.91,13385,0.0001,11210,0.01625712774693966
46029,32.6,3,1864,0.05,21.6,13435,0.0001,11257,0.6387557983398438
46190,32.91,3,1868,0.05,21.91,13479,0.0001,11297,0.15377455949783325
46370,33.53,3,1872,0.05,22.53,13527,0.0001,11342,0.8718101978302002
46480,33.14,3,1876,0.05,22.14,13559,0.0001,11369,0.537109375
46622,33.17,3,1880,0.05,22.17,13598,0.0001,11405,0.6103795766830444
46716,33.28,3,1884,0.05,22.28,13626,0.0001,11428,0.5198290944099426
46810,33.23,3,1888,0.05,22.23,13653,0.0001,11452,0.1195012778043747
46993,33.83,3,1892,0.05,22.83,13702,0.0001,11498,0.20312432944774628
47078,33.32,3,1896,0.05,22.32,13727,0.0001,11519,0.2346019148826599
47222,33.82,3,1900,0.05,22.82,13767,0.0001,11555,0.6364151239395142
47363,34.06,3,1904,0.05,23.06,13806,0.0001,11590,0.4868088364601135
47483,34.17,3,1908,0.05,23.17,13839,0.0001,11620,0.37641340494155884
47644,34.61,3,1912,0.05,23.61,13883,0.0001,11660,0.16931234300136566
47729,34.22,3,1916,0.05,23.22,13908,0.0001,11682,0.8914916515350342
47816,33.82,3,1920,0.05,22.82,13934,0.0001,11703,1.0043590068817139
47927,33.35,3,1924,0.05,22.35,13965,0.0001,11731,0.07582421600818634
48068,33.72,3,1928,0.05,22.72,14004,0.0001,11766,0.2775956094264984
48190,33.41,3,1932,0.05,22.41,14039,0.0001,11797,0.11943913996219635
48339,33.36,3,1936,0.05,22.36,14080,0.0001,11834,0.34116804599761963
48436,33.19,3,1940,0.05,22.19,14108,0.0001,11858,0.43703991174697876
48535,33.11,3,1944,0.05,22.11,14136,0.0001,11883,0.47947946190834045
48690,33.36,3,1948,0.05,22.36,14179,0.0001,11922,0.3506104648113251
48816,32.14,3,1952,0.05,21.14,14214,0.0001,11953,0.26898902654647827
48954,32.22,3,1956,0.05,21.22,14252,0.0001,11988,0.31992343068122864
49086,32.44,3,1960,0.05,21.44,14289,0.0001,12021,0.5188933610916138
49253,32.24,3,1964,0.05,21.24,14334,0.0001,12063,0.34387558698654175
49365,31.75,3,1968,0.05,20.75,14366,0.0001,12091,0.396724671125412
49499,31.29,3,1972,0.05,20.29,14404,0.0001,12124,0.16477404534816742
49554,30.74,3,1976,0.05,19.74,14422,0.0001,12138,0.19819310307502747
49676,30.54,3,1980,0.05,19.54,14456,0.0001,12168,0.40287208557128906
49746,30.3,3,1984,0.05,19.3,14478,0.0001,12186,0.5002670884132385
49853,30.43,3,1988,0.05,19.43,14508,0.0001,12213,0.28012874722480774
49953,29.6,3,1992,0.05,18.6,14538,0.0001,12238,0.07950090616941452
50099,30.21,3,1996,0.05,19.21,14578,0.0001,12274,0.6214685440063477
50177,29.55,3,2000,0.05,18.55,14602,0.0001,12294,0.37051862478256226
50275,29.12,3,2004,0.05,18.12,14630,0.0001,12318,0.5136141180992126
50432,29.49,3,2008,0.05,18.49,14673,0.0001,12357,0.32471606135368347
50584,29.4,3,2012,0.05,18.4,14714,0.0001,12395,1.1148972511291504
50727,29.98,3,2016,0.05,18.98,14753,0.0001,12431,1.785163164138794
50838,30.22,3,2020,0.05,19.22,14785,0.0001,12459,0.34924736618995667
50971,30.44,3,2024,0.05,19.44,14822,0.0001,12492,1.2487962245941162
51106,30.38,3,2028,0.05,19.38,14859,0.0001,12526,0.019890667870640755
51255,30.65,3,2032,0.05,19.65,14900,0.0001,12563,0.02140156552195549
51445,31.06,3,2036,0.05,20.06,14951,0.0001,12611,1.086342453956604
51585,31.49,3,2040,0.05,20.49,14990,0.0001,12646,0.6082885265350342
51719,31.84,3,2044,0.05,20.84,15027,0.0001,12679,0.6948636174201965
51843,31.53,3,2048,0.05,20.53,15062,0.0001,12710,0.5365909934043884
51948,31.32,3,2052,0.05,20.32,15092,0.0001,12736,0.5491040349006653
52068,31.14,3,2056,0.05,20.14,15126,0.0001,12766,0.06107854098081589
52174,30.88,3,2060,0.05,19.88,15156,0.0001,12793,0.6474841237068176
52385,31.32,3,2064,0.05,20.32,15212,0.0001,12846,1.4649194478988647
52562,31.97,3,2068,0.05,20.97,15259,0.0001,12890,0.13796545565128326
52608,31.09,3,2072,0.05,20.09,15274,0.0001,12901,0.4294891953468323
52789,32.35,3,2076,0.05,21.35,15323,0.0001,12947,0.9771875143051147
52870,31.94,3,2080,0.05,20.94,15347,0.0001,12967,0.31782442331314087
53110,33.64,3,2084,0.05,22.64,15410,0.0001,13027,0.5084102749824524
53178,33.25,3,2088,0.05,22.25,15431,0.0001,13044,0.2568203806877136
53349,33.96,3,2092,0.05,22.96,15478,0.0001,13087,0.5744464993476868
53433,33.34,3,2096,0.05,22.34,15503,0.0001,13108,0.2507556080818176
53547,33.7,3,2100,0.05,22.7,15535,0.0001,13136,0.27381181716918945
53653,33.78,3,2104,0.05,22.78,15566,0.0001,13163,0.14582325518131256
53754,33.22,3,2108,0.05,22.22,15596,0.0001,13188,0.7573534250259399
53924,33.4,3,2112,0.05,22.4,15643,0.0001,13230,0.9467271566390991
54163,34.36,3,2116,0.05,23.36,15705,0.0001,13290,0.1267174482345581
54293,34.55,3,2120,0.05,23.55,15742,0.0001,13323,0.5419226884841919
54456,34.85,3,2124,0.05,23.85,15786,0.0001,13363,0.7363267540931702
54597,34.91,3,2128,0.05,23.91,15825,0.0001,13399,0.8598665595054626
54775,35.2,3,2132,0.05,24.2,15873,0.0001,13443,0.18067649006843567
54893,34.48,3,2136,0.05,23.48,15906,0.0001,13473,0.4080490171909332
55000,34.15,3,2140,0.05,23.15,15937,0.0001,13499,0.6504909992218018
55103,33.84,3,2144,0.05,22.84,15967,0.0001,13525,0.22451996803283691
55215,33.72,3,2148,0.05,22.72,15999,0.0001,13553,0.4815124273300171
55364,34.16,3,2152,0.05,23.16,16040,0.0001,13590,0.16455289721488953
55531,34.63,3,2156,0.05,23.63,16085,0.0001,13632,0.29519301652908325
55647,34.73,3,2160,0.05,23.73,16118,0.0001,13661,0.1671496480703354
55781,33.96,3,2164,0.05,22.96,16156,0.0001,13695,0.7699068784713745
55909,33.47,3,2168,0.05,22.47,16192,0.0001,13727,0.4437503516674042
56112,35.04,3,2172,0.05,24.04,16246,0.0001,13777,1.4632246494293213
56248,34.59,3,2176,0.05,23.59,16284,0.0001,13811,0.31042230129241943
56381,35.11,3,2180,0.05,24.11,16321,0.0001,13845,0.6801844835281372
56562,34.52,3,2184,0.05,23.52,16370,0.0001,13890,0.37140828371047974
56730,35.52,3,2188,0.05,24.52,16415,0.0001,13932,0.4819572865962982
56850,35.01,3,2192,0.05,24.01,16448,0.0001,13962,0.4115787148475647
56982,35.49,3,2196,0.05,24.49,16485,0.0001,13995,0.3752928376197815
57149,36.02,3,2200,0.05,25.02,16530,0.0001,14037,0.24374710023403168
57430,37.77,3,2204,0.05,26.77,16603,0.0001,14107,0.3773752450942993
57567,38.13,3,2208,0.05,27.13,16642,0.0001,14141,0.5161359310150146
57736,38.12,3,2212,0.05,27.12,16687,0.0001,14183,0.44388043880462646
57865,37.02,3,2216,0.05,26.02,16723,0.0001,14216,0.5317295789718628
57981,36.88,3,2220,0.05,25.88,16756,0.0001,14245,1.0798124074935913
58162,37.06,3,2224,0.05,26.06,16804,0.0001,14290,0.3351433277130127
58272,36.75,3,2228,0.05,25.75,16835,0.0001,14317,0.5331159234046936
58405,36.3,3,2232,0.05,25.3,16872,0.0001,14351,0.6200974583625793
58573,36.8,3,2236,0.05,25.8,16918,0.0001,14393,1.1307591199874878
58723,37.23,3,2240,0.05,26.23,16959,0.0001,14430,0.10057470947504044
58862,37.59,3,2244,0.05,26.59,16997,0.0001,14465,1.2345049381256104
58965,37.5,3,2248,0.05,26.5,17027,0.0001,14491,0.14556147158145905
59078,37.14,3,2252,0.05,26.14,17059,0.0001,14519,0.528649091720581
59285,37.54,3,2256,0.05,26.54,17115,0.0001,14571,0.46643802523612976
59362,37.15,3,2260,0.05,26.15,17138,0.0001,14590,0.33443233370780945
59537,37.56,3,2264,0.05,26.56,17185,0.0001,14634,0.5001310110092163
59730,38.21,3,2268,0.05,27.21,17237,0.0001,14682,0.03801041468977928
59931,38.19,3,2272,0.05,27.19,17291,0.0001,14732,0.7256144881248474
60150,39.02,3,2276,0.05,28.02,17349,0.0001,14787,1.5861189365386963
60328,39.47,3,2280,0.05,28.47,17397,0.0001,14831,0.6121033430099487
60531,39.69,3,2284,0.05,28.69,17451,0.0001,14882,0.22748786211013794
60700,39.7,3,2288,0.05,28.7,17497,0.0001,14924,0.43592625856399536
60818,39.68,3,2292,0.05,28.68,17530,0.0001,14954,1.6527069807052612
60874,38.92,3,2296,0.05,27.92,17548,0.0001,14968,0.7497448325157166
61092,39.43,3,2300,0.05,28.43,17605,0.0001,15022,0.9783213138580322
61252,38.22,3,2304,0.05,27.22,17649,0.0001,15062,0.45962536334991455
61452,38.85,3,2308,0.05,27.85,17703,0.0001,15112,0.5065314173698425
61619,38.83,3,2312,0.05,27.83,17748,0.0001,15154,0.5364009141921997
61758,38.93,3,2316,0.05,27.93,17786,0.0001,15189,0.6650895476341248
62014,40.33,3,2320,0.05,29.33,17853,0.0001,15253,0.4763859212398529
62094,39.32,3,2324,0.05,28.32,17877,0.0001,15273,1.8638331890106201
62247,39.75,3,2328,0.05,28.75,17918,0.0001,15311,0.8541116118431091
62379,39.74,3,2332,0.05,28.74,17955,0.0001,15344,0.1921161413192749
62480,39.07,3,2336,0.05,28.07,17984,0.0001,15369,0.4665551483631134
62602,38.79,3,2340,0.05,27.79,18018,0.0001,15400,0.7389296889305115
62813,39.51,3,2344,0.05,28.51,18074,0.0001,15453,0.9481735825538635
62964,39.99,3,2348,0.05,28.99,18115,0.0001,15490,0.1820354461669922
63241,41.63,3,2352,0.05,30.63,18187,0.0001,15560,0.6605929136276245
63427,41.42,3,2356,0.05,30.42,18237,0.0001,15606,0.05720313638448715
63547,41.85,3,2360,0.05,30.85,18271,0.0001,15636,0.615901529788971
63692,41.55,3,2364,0.05,30.55,18311,0.0001,15672,0.5139254331588745
63819,40.89,3,2368,0.05,29.89,18347,0.0001,15704,0.465690553188324
63915,39.84,3,2372,0.05,28.84,18375,0.0001,15728,0.7030236124992371
64072,39.22,3,2376,0.05,28.22,18417,0.0001,15767,0.2989138662815094
64333,40.05,3,2380,0.05,29.05,18486,0.0001,15833,0.5820100903511047
64481,39.5,3,2384,0.05,28.5,18526,0.0001,15870,0.1298459768295288
64553,38.53,3,2388,0.05,27.53,18549,0.0001,15888,0.07449226081371307
64754,39.36,3,2392,0.05,28.36,18602,0.0001,15938,0.814312219619751
64866,39.92,3,2396,0.05,28.92,18634,0.0001,15966,0.6611719131469727
65058,39.66,3,2400,0.05,28.66,18685,0.0001,16014,0.3760780692100525
65217,39.65,3,2404,0.05,28.65,18727,0.0001,16054,0.6203829646110535
65433,39.81,3,2408,0.05,28.81,18784,0.0001,16108,1.2234091758728027
65580,39.61,3,2412,0.05,28.61,18825,0.0001,16144,1.42413330078125
65778,40.2,3,2416,0.05,29.2,18878,0.0001,16194,0.5115830302238464
65901,38.87,3,2420,0.05,27.87,18913,0.0001,16225,0.37906816601753235
66086,39.92,3,2424,0.05,28.92,18962,0.0001,16271,1.0001909732818604
66292,40.45,3,2428,0.05,29.45,19017,0.0001,16322,0.4007943868637085
66419,40.4,3,2432,0.05,29.4,19052,0.0001,16354,1.123856544494629
66550,40.7,3,2436,0.05,29.7,19089,0.0001,16387,0.39037665724754333
66710,41.08,3,2440,0.05,30.08,19132,0.0001,16427,1.0124465227127075
66837,40.24,3,2444,0.05,29.24,19168,0.0001,16459,0.05703571438789368
66993,40.29,3,2448,0.05,29.29,19210,0.0001,16498,0.9453197717666626
67162,39.21,3,2452,0.05,28.21,19256,0.0001,16540,0.8108365535736084
67388,39.61,3,2456,0.05,28.61,19316,0.0001,16596,0.3224329352378845
67644,40.97,3,2460,0.05,29.97,19381,0.0001,16660,1.0545673370361328
67813,41.21,3,2464,0.05,30.21,19427,0.0001,16703,0.5397166609764099
67916,40.97,3,2468,0.05,29.97,19456,0.0001,16728,1.286802053451538
68002,40.87,3,2472,0.05,29.87,19482,0.0001,16750,0.6220211982727051
68063,39.91,3,2476,0.05,28.91,19502,0.0001,16765,1.3159003257751465
68254,39.21,3,2480,0.05,28.21,19552,0.0001,16813,1.277902603149414
68379,38.98,3,2484,0.05,27.98,19586,0.0001,16844,0.10964228212833405
68503,39.5,3,2488,0.05,28.5,19621,0.0001,16875,0.6235572099685669
68615,38.61,3,2492,0.05,27.61,19652,0.0001,16903,0.5947501063346863
68750,38.84,3,2496,0.05,27.84,19690,0.0001,16937,0.48544442653656006
68922,38.64,3,2500,0.05,27.64,19736,0.0001,16980,0.3703690469264984
69079,38.62,3,2504,0.05,27.62,19780,0.0001,17019,0.9186519384384155
69270,38.37,3,2508,0.05,27.37,19830,0.0001,17067,0.5498657822608948
69427,38.47,3,2512,0.05,27.47,19873,0.0001,17106,0.8787717223167419
69522,37.44,3,2516,0.05,26.44,19901,0.0001,17130,1.0405219793319702
69770,38.69,3,2520,0.05,27.69,19966,0.0001,17192,1.0816761255264282
70033,39.47,3,2524,0.05,28.47,20034,0.0001,17258,1.0481805801391602
70198,39.06,3,2528,0.05,28.06,20080,0.0001,17299,0.4915512800216675
70347,39.28,3,2532,0.05,28.28,20120,0.0001,17336,0.085150346159935
70486,39.36,3,2536,0.05,28.36,20159,0.0001,17371,0.6153442859649658
70641,39.31,3,2540,0.05,28.31,20201,0.0001,17410,0.4838564395904541
70809,39.72,3,2544,0.05,28.72,20246,0.0001,17452,0.5432993769645691
71078,40.85,3,2548,0.05,29.85,20317,0.0001,17519,0.7233181595802307
71180,40.18,3,2552,0.05,29.18,20346,0.0001,17544,0.1695462018251419
71298,39.1,3,2556,0.05,28.1,20380,0.0001,17574,1.3819595575332642
71395,37.51,3,2560,0.05,26.51,20407,0.0001,17598,0.4887154698371887
71537,37.24,3,2564,0.05,26.24,20447,0.0001,17634,0.5887632966041565
71658,37.42,3,2568,0.05,26.42,20482,0.0001,17664,0.5672587156295776
71779,37.77,3,2572,0.05,26.77,20517,0.0001,17694,0.6347218751907349
71923,38.6,3,2576,0.05,27.6,20556,0.0001,17730,0.11552847921848297
72158,39.04,3,2580,0.05,28.04,20618,0.0001,17789,0.5126140713691711
72298,39.19,3,2584,0.05,28.19,20657,0.0001,17824,1.396646499633789
72456,39.53,3,2588,0.05,28.53,20700,0.0001,17863,1.2477288246154785
72567,39.52,3,2592,0.05,28.52,20731,0.0001,17891,0.22381076216697693
72720,39.7,3,2596,0.05,28.7,20773,0.0001,17929,0.938298225402832
72877,39.55,3,2600,0.05,28.55,20816,0.0001,17969,1.1292083263397217
73030,39.51,3,2604,0.05,28.51,20858,0.0001,18007,0.605860710144043
73232,39.62,3,2608,0.05,28.62,20912,0.0001,18057,1.0136722326278687
73555,41.28,3,2612,0.05,30.28,20995,0.0001,18138,0.19336828589439392
73692,41.7,3,2616,0.05,30.7,21033,0.0001,18172,1.4586254358291626
73904,41.34,3,2620,0.05,30.34,21088,0.0001,18225,0.6450919508934021
74058,40.25,3,2624,0.05,29.25,21131,0.0001,18264,0.7401719689369202
74269,40.71,3,2628,0.05,29.71,21186,0.0001,18317,1.0714657306671143
74407,40.6,3,2632,0.05,29.6,21224,0.0001,18351,1.1245254278182983
74522,40.36,3,2636,0.05,29.36,21257,0.0001,18380,0.06112324073910713
74690,40.49,3,2640,0.05,29.49,21302,0.0001,18422,0.13523730635643005
74830,40.21,3,2644,0.05,29.21,21341,0.0001,18457,2.398158073425293
75078,40.0,3,2648,0.05,29.0,21406,0.0001,18519,0.811286449432373
75254,40.74,3,2652,0.05,29.74,21453,0.0001,18563,0.49886587262153625
75480,41.82,3,2656,0.05,30.82,21512,0.0001,18619,1.1878942251205444
75602,42.07,3,2660,0.05,31.07,21547,0.0001,18650,0.5059481859207153
75749,42.12,3,2664,0.05,31.12,21587,0.0001,18687,1.2038378715515137
75827,41.69,3,2668,0.05,30.69,21610,0.0001,18706,0.9324727654457092
76023,42.44,3,2672,0.05,31.44,21662,0.0001,18755,1.2803598642349243
76200,42.77,3,2676,0.05,31.77,21710,0.0001,18799,0.4215812087059021
76408,42.5,3,2680,0.05,31.5,21765,0.0001,18851,0.24784180521965027
76549,42.51,3,2684,0.05,31.51,21804,0.0001,18887,0.6229665875434875
76749,42.93,3,2688,0.05,31.93,21857,0.0001,18937,2.1097984313964844
76926,43.59,3,2692,0.05,32.59,21904,0.0001,18981,1.0735782384872437
77118,43.98,3,2696,0.05,32.98,21956,0.0001,19029,0.027194593101739883
77198,43.21,3,2700,0.05,32.21,21980,0.0001,19049,0.33167117834091187
77396,43.66,3,2704,0.05,32.66,22032,0.0001,19098,0.41544586420059204
77512,42.8,3,2708,0.05,31.8,22064,0.0001,19127,1.2039028406143188
77625,40.7,3,2712,0.05,29.7,22096,0.0001,19156,0.022495703771710396
77746,40.54,3,2716,0.05,29.54,22130,0.0001,19186,0.20570656657218933
77840,39.36,3,2720,0.05,28.36,22188,0.0001,19209,0.21304823458194733
78020,39.62,3,2724,0.05,28.62,22237,0.0001,19254,0.8498684167861938
78253,39.84,3,2728,0.05,28.84,22297,0.0001,19313,1.3028842210769653
78422,40.15,3,2732,0.05,29.15,22342,0.0001,19355,0.9934291839599609
78527,40.05,3,2736,0.05,29.05,22372,0.0001,19381,0.3328242003917694
78760,40.7,3,2740,0.05,29.7,22433,0.0001,19439,1.0109448432922363
78880,40.5,3,2744,0.05,29.5,22467,0.0001,19469,0.05800478160381317
79113,40.35,3,2748,0.05,29.35,22528,0.0001,19528,0.08808901906013489
79192,39.38,3,2752,0.05,28.38,22552,0.0001,19547,0.30278053879737854
79393,39.13,3,2756,0.05,28.13,22604,0.0001,19598,1.6427881717681885
79465,38.63,3,2760,0.05,27.63,22626,0.0001,19616,2.007962226867676
79619,38.7,3,2764,0.05,27.7,22668,0.0001,19654,0.6325405836105347
79777,39.5,3,2768,0.05,28.5,22711,0.0001,19694,0.7978081703186035
79928,39.05,3,2772,0.05,28.05,22752,0.0001,19731,0.3431427478790283
80091,38.91,3,2776,0.05,27.91,22796,0.0001,19772,0.31230270862579346
80307,38.99,3,2780,0.05,27.99,22853,0.0001,19826,0.615821123123169
80409,38.6,3,2784,0.05,27.6,22882,0.0001,19852,0.018723241984844208
80536,37.87,3,2788,0.05,26.87,22918,0.0001,19883,0.36881765723228455
80678,37.52,3,2792,0.05,26.52,22957,0.0001,19919,0.7265727519989014
80793,36.75,3,2796,0.05,25.75,22989,0.0001,19948,1.0042126178741455
80923,37.25,3,2800,0.05,26.25,23025,0.0001,19980,1.006846308708191
81123,37.27,3,2804,0.05,26.27,23079,0.0001,20030,0.670820415019989
81295,37.83,3,2808,0.05,26.83,23125,0.0001,20073,0.08306517452001572
81496,38.71,3,2812,0.05,27.71,23178,0.0001,20123,0.022900454699993134
81637,38.91,3,2816,0.05,27.91,23217,0.0001,20159,0.05301561951637268
81820,39.8,3,2820,0.05,28.8,23265,0.0001,20204,0.585470974445343
81978,39.58,3,2824,0.05,28.58,23308,0.0001,20244,0.5816633701324463
82132,38.79,3,2828,0.05,27.79,23350,0.0001,20282,0.12566502392292023
82294,38.72,3,2832,0.05,27.72,23393,0.0001,20323,0.3919607400894165
82550,40.23,3,2836,0.05,29.23,23461,0.0001,20387,1.1619126796722412
82765,40.05,3,2840,0.05,29.05,23517,0.0001,20441,0.2558126747608185
82929,40.49,3,2844,0.05,29.49,23562,0.0001,20482,0.052202560007572174
83142,40.29,3,2848,0.05,29.29,23619,0.0001,20535,0.5634793639183044
83253,40.61,3,2852,0.05,29.61,23650,0.0001,20563,0.025379685685038567
83394,40.01,3,2856,0.05,29.01,23690,0.0001,20598,1.8339239358901978
83534,40.69,3,2860,0.05,29.69,23729,0.0001,20633,0.4896342158317566
83615,39.96,3,2864,0.05,28.96,23753,0.0001,20653,2.1547417640686035
83793,40.16,3,2868,0.05,29.16,23800,0.0001,20698,0.20132222771644592
83890,39.62,3,2872,0.05,28.62,23829,0.0001,20722,0.8582109212875366
84035,39.44,3,2876,0.05,28.44,23868,0.0001,20758,1.2653573751449585
84216,39.09,3,2880,0.05,28.09,23917,0.0001,20803,0.5592910647392273
84385,39.76,3,2884,0.05,28.76,23963,0.0001,20846,0.023963097482919693
84576,40.4,3,2888,0.05,29.4,24013,0.0001,20893,0.045413143932819366
84714,40.36,3,2892,0.05,29.36,24051,0.0001,20928,0.8381941914558411
84863,40.7,3,2896,0.05,29.7,24092,0.0001,20965,0.04031629487872124
84983,40.6,3,2900,0.05,29.6,24126,0.0001,20995,0.083718441426754
85061,39.38,3,2904,0.05,28.38,24149,0.0001,21015,0.4014119505882263
85227,39.32,3,2908,0.05,28.32,24194,0.0001,21056,0.11359784007072449
85350,38.54,3,2912,0.05,27.54,24228,0.0001,21087,0.47740569710731506
85454,38.17,3,2916,0.05,27.17,24258,0.0001,21113,0.5434846878051758
85612,37.92,3,2920,0.05,26.92,24301,0.0001,21152,1.3306444883346558
85852,38.74,3,2924,0.05,27.74,24365,0.0001,21212,1.3251757621765137
86013,38.81,3,2928,0.05,27.81,24408,0.0001,21253,0.2615441083908081
86106,38.12,3,2932,0.05,27.12,24436,0.0001,21276,0.8144744634628296
86286,37.36,3,2936,0.05,26.36,24484,0.0001,21321,0.06879626214504242
86370,36.05,3,2940,0.05,25.05,24509,0.0001,21342,0.12859581410884857
86476,35.47,3,2944,0.05,24.47,24539,0.0001,21368,1.0822806358337402
86567,34.25,3,2948,0.05,23.25,24566,0.0001,21391,0.11541135609149933
86798,35.45,3,2952,0.05,24.45,24627,0.0001,21449,1.6792213916778564
86922,35.28,3,2956,0.05,24.28,24662,0.0001,21480,1.0773804187774658
87073,35.39,3,2960,0.05,24.39,24704,0.0001,21518,0.7147030234336853
87236,36.21,3,2964,0.05,25.21,24748,0.0001,21558,0.4489343762397766
87313,35.2,3,2968,0.05,24.2,24771,0.0001,21578,0.16561393439769745
87542,36.52,3,2972,0.05,25.52,24830,0.0001,21635,0.035736262798309326
87715,36.8,3,2976,0.05,25.8,24877,0.0001,21678,0.4332464933395386
87886,36.7,3,2980,0.05,25.7,24924,0.0001,21721,0.4725547134876251
88021,36.36,3,2984,0.05,25.36,24961,0.0001,21755,0.40351343154907227
88249,36.73,3,2988,0.05,25.73,25022,0.0001,21812,0.106566421687603
88355,36.41,3,2992,0.05,25.41,25052,0.0001,21838,0.059585172683000565
88480,36.17,3,2996,0.05,25.17,25087,0.0001,21869,0.5449047088623047
88596,36.13,3,3000,0.05,25.13,25120,0.0001,21898,0.6294786334037781
88752,36.91,3,3004,0.05,25.91,25164,0.0001,21937,0.5343382358551025
88873,36.46,3,3008,0.05,25.46,25198,0.0001,21968,0.6982758045196533
89027,36.77,3,3012,0.05,25.77,25240,0.0001,22006,1.898102045059204
89175,37.21,3,3016,0.05,26.21,25280,0.0001,22043,0.6757985949516296
89331,37.19,3,3020,0.05,26.19,25323,0.0001,22082,0.9035544395446777
89477,36.25,3,3024,0.05,25.25,25364,0.0001,22119,0.9997082948684692
89617,36.04,3,3028,0.05,25.04,25402,0.0001,22154,0.7651631832122803
89743,36.37,3,3032,0.05,25.37,25437,0.0001,22185,1.0653784275054932
89865,35.79,3,3036,0.05,24.79,25472,0.0001,22216,0.8490127325057983
90037,36.67,3,3040,0.05,25.67,25518,0.0001,22259,0.10213220119476318
90231,37.55,3,3044,0.05,26.55,25570,0.0001,22307,0.22542403638362885
90371,38.04,3,3048,0.05,27.04,25608,0.0001,22342,2.1650116443634033
90462,36.64,3,3052,0.05,25.64,25635,0.0001,22365,0.2538587749004364
90555,36.33,3,3056,0.05,25.33,25662,0.0001,22388,0.13854436576366425
90666,35.93,3,3060,0.05,24.93,25694,0.0001,22416,0.99212247133255
90828,35.92,3,3064,0.05,24.92,25738,0.0001,22456,0.6742370128631592
90970,36.57,3,3068,0.05,25.57,25777,0.0001,22492,0.5237681269645691
91089,35.47,3,3072,0.05,24.47,25810,0.0001,22522,0.8673714399337769
91177,34.62,3,3076,0.05,23.62,25836,0.0001,22544,1.1960208415985107
91347,34.61,3,3080,0.05,23.61,25881,0.0001,22586,1.2847535610198975
91423,34.02,3,3084,0.05,23.02,25904,0.0001,22605,0.01746123656630516
91562,33.13,3,3088,0.05,22.13,25942,0.0001,22640,0.6436906456947327
91763,34.08,3,3092,0.05,23.08,25996,0.0001,22690,1.001660943031311
91907,34.27,3,3096,0.05,23.27,26035,0.0001,22726,0.7378219962120056
92010,34.14,3,3100,0.05,23.14,26065,0.0001,22752,1.4805285930633545
92125,33.73,3,3104,0.05,22.73,26097,0.0001,22781,0.016502372920513153
92308,34.35,3,3108,0.05,23.35,26146,0.0001,22826,1.896236777305603
92505,34.78,3,3112,0.05,23.78,26198,0.0001,22876,0.41005533933639526
92674,34.99,3,3116,0.05,23.99,26243,0.0001,22918,0.7925306558609009
92840,35.09,3,3120,0.05,24.09,26287,0.0001,22959,0.028641439974308014
92987,35.1,3,3124,0.05,24.1,26328,0.0001,22996,0.6698585152626038
93160,35.43,3,3128,0.05,24.43,26374,0.0001,23039,0.4468724727630615
93403,36.6,3,3132,0.05,25.6,26438,0.0001,23100,1.859072208404541
93577,37.12,3,3136,0.05,26.12,26485,0.0001,23144,0.7313984632492065
93753,37.16,3,3140,0.05,26.16,26533,0.0001,23188,1.384942889213562
93868,36.37,3,3144,0.05,25.37,26565,0.0001,23216,0.3592163920402527
94049,36.78,3,3148,0.05,25.78,26613,0.0001,23262,0.5598832964897156
94221,37.59,3,3152,0.05,26.59,26659,0.0001,23305,0.6190162301063538
94459,39.04,3,3156,0.05,28.04,26722,0.0001,23364,0.32706183195114136
94555,38.89,3,3160,0.05,27.89,26750,0.0001,23388,1.146545171737671
94838,40.1,3,3164,0.05,29.1,26823,0.0001,23459,0.12424905598163605
95004,40.34,3,3168,0.05,29.34,26868,0.0001,23500,1.2039190530776978
95079,39.9,3,3172,0.05,28.9,26891,0.0001,23519,1.738234519958496
95310,41.33,3,3176,0.05,30.33,26950,0.0001,23577,1.1716670989990234
95467,41.2,3,3180,0.05,30.2,26993,0.0001,23616,0.8417515158653259
95591,41.68,3,3184,0.05,30.68,27028,0.0001,23647,0.3206694424152374
95692,41.3,3,3188,0.05,30.3,27057,0.0001,23672,0.6610527038574219
95854,40.91,3,3192,0.05,29.91,27100,0.0001,23713,1.0152963399887085
96018,41.11,3,3196,0.05,30.11,27144,0.0001,23754,1.2357840538024902
96289,42.79,3,3200,0.05,31.79,27214,0.0001,23822,0.41755443811416626
96385,42.6,3,3204,0.05,31.6,27242,0.0001,23846,0.6371921896934509
96568,42.6,3,3208,0.05,31.6,27291,0.0001,23891,1.1427617073059082
96699,41.94,3,3212,0.05,30.94,27326,0.0001,23924,1.3943641185760498
96849,41.75,3,3216,0.05,30.75,27367,0.0001,23962,0.5646552443504333
97067,42.27,3,3220,0.05,31.27,27423,0.0001,24016,0.13291721045970917
97326,43.39,3,3224,0.05,32.39,27490,0.0001,24081,0.054004184901714325
97470,43.1,3,3228,0.05,32.1,27529,0.0001,24117,0.36837878823280334
97690,42.87,3,3232,0.05,31.87,27585,0.0001,24172,0.3932012915611267
97820,42.43,3,3236,0.05,31.43,27621,0.0001,24204,0.9238604307174683
97964,42.11,3,3240,0.05,31.11,27660,0.0001,24240,0.52952641248703
98073,42.05,3,3244,0.05,31.05,27691,0.0001,24268,1.340070366859436
98250,42.01,3,3248,0.05,31.01,27737,0.0001,24312,1.5619580745697021
98442,42.21,3,3252,0.05,31.21,27789,0.0001,24360,0.07083534449338913
98571,41.12,3,3256,0.05,30.12,27825,0.0001,24392,0.6073169708251953
98647,40.92,3,3260,0.05,29.92,27849,0.0001,24411,0.15971413254737854
98827,39.89,3,3264,0.05,28.89,27897,0.0001,24456,0.05173201486468315
99028,40.24,3,3268,0.05,29.24,27951,0.0001,24506,1.071627140045166
99190,41.11,3,3272,0.05,30.11,27995,0.0001,24547,0.05996419116854668
99331,40.21,3,3276,0.05,29.21,28034,0.0001,24582,0.05882292240858078
99451,39.84,3,3280,0.05,28.84,28067,0.0001,24612,0.06854305416345596
99679,40.88,3,3284,0.05,29.88,28127,0.0001,24669,0.7001644372940063
99907,42.15,3,3288,0.05,31.15,28187,0.0001,24726,1.085426926612854
